文件名,参考文本,标准化参考,标准化识别,参考字数,识别字数,错误字数,字错率,音频时长(秒),处理时间(秒),识别速度(字/秒),实时率(RTF),原始结果
BAC009S0002W0122.wav,而 对 楼市 成交 抑制 作用 最 大 的 限 购,而对楼市成交抑制作用最大的限购,而对面楼市成交抑制作用最大的限购,15,16,1,0.066666667,5.999,0.807158232,19.82263126,0.134548797,<|zh|><|NEUTRAL|><|Speech|><|withitn|>而对面楼市成交抑制作用最大的限购。
BAC009S0002W0123.wav,也 成为 地方 政府 的 眼中 钉,也成为地方政府的眼中钉,也成为地方政府的眼中钉,11,11,0,0,3.865,0.082393169,133.5062127,0.021317767,<|zh|><|NEUTRAL|><|Speech|><|withitn|>也成为地方政府的眼中钉。
BAC009S0002W0124.wav,自 六月 底 呼和浩特 市 率先 宣布 取消 限 购 后,自六月底呼和浩特市率先宣布取消限购后,自月底呼和浩特市率先宣布取消限购后,18,17,1,0.055555556,5.409,0.081446886,208.7249841,0.015057661,<|zh|><|NEUTRAL|><|Speech|><|withitn|>自6月底，呼和浩特市率先宣布取消限购后。
BAC009S0002W0125.wav,各地 政府 便 纷纷 跟进,各地政府便纷纷跟进,各地政府便纷纷跟进,9,9,0,0,3.167,0.074736834,120.422549,0.023598621,<|zh|><|NEUTRAL|><|Speech|><|withitn|>各地政府便纷纷跟进。
BAC009S0002W0126.wav,仅 一 个 多 月 的 时间 里,仅一个多月的时间里,仅一个多月的时间里,9,9,0,0,2.576,0.082790375,108.7082892,0.032139121,<|zh|><|NEUTRAL|><|Speech|><|withitn|>仅一个多月的时间里。
BAC009S0002W0127.wav,除了 北京 上海 广州 深圳 四 个 一 线 城市 和 三亚 之外,除了北京上海广州深圳四个一线城市和三亚之外,除了北京上海广州深圳个一线城市和三亚之外,21,20,1,0.047619048,5.89,0.08366251,239.0557015,0.014204161,<|zh|><|NEUTRAL|><|Speech|><|withitn|>除了北京、上海、广州、深圳4个一线城市和三亚之外。
BAC009S0002W0128.wav,四十六 个 限 购 城市 当中,四十六个限购城市当中,个限购城市当中,10,7,3,0.3,3.393,0.074249029,94.27732698,0.021883003,<|zh|><|NEUTRAL|><|Speech|><|withitn|>46个限购城市当中。
BAC009S0002W0129.wav,四十一 个 已 正式 取消 或 变相 放松 了 限 购,四十一个已正式取消或变相放松了限购,个已正式取消货变相放松了限购,17,14,4,0.235294118,6.136,0.087211847,160.5286487,0.014213143,<|zh|><|NEUTRAL|><|Speech|><|withitn|>41个已正式取消货。 <|zh|><|NEUTRAL|><|Speech|><|withitn|>变相放松了限购。
BAC009S0002W0130.wav,财政 金融 政策 紧随 其后 而来,财政金融政策紧随其后而来,财政金融政策紧随其候而来,12,12,1,0.083333333,4.13,0.0764184,157.0302444,0.018503245,<|zh|><|NEUTRAL|><|Speech|><|withitn|>财政金融政策紧随其候而来。
BAC009S0002W0131.wav,显示 出 了 极 强 的 威力,显示出了极强的威力,显示出了极强的威力,9,9,0,0,4.406,0.080264091,112.1298433,0.018216998,<|zh|><|NEUTRAL|><|Speech|><|withitn|>显示出。 <|zh|><|NEUTRAL|><|Speech|><|withitn|>了极强的威力。
BAC009S0002W0132.wav,放松 了 与 自 往 需求 密切 相关 的 房贷 政策,放松了与自往需求密切相关的房贷政策,放松了与自网需求密切相关的房贷政策,17,17,1,0.058823529,6.766,0.08554554,198.7245627,0.012643444,<|zh|><|NEUTRAL|><|Speech|><|withitn|>放松了与自网需求密切相关的房贷政策。
BAC009S0002W0133.wav,其中 包括 对 拥有 一 套住 房 并 已 结清 相应 购房 贷款 的 家庭,其中包括对拥有一套住房并已结清相应购房贷款的家庭,其中包括对拥有一套住房并已结清相应购房贷款的家庭,24,24,0,0,9.323,0.097886086,245.1829581,0.010499419,<|zh|><|NEUTRAL|><|Speech|><|withitn|>其中，包括对拥有一套住房并已结清相应购房贷款的家庭。
BAC009S0002W0134.wav,为 改善 居住 条件 再次 申请 贷款 购买 普通 商品 住房,为改善居住条件再次申请贷款购买普通商品住房,为改善居住条件再次申请贷款购买普通商品住房,21,21,0,0,7.287,0.089419842,234.847206,0.012271146,<|zh|><|NEUTRAL|><|Speech|><|withitn|>为改善居住条件，再次申请贷款购买普通商品住房。
BAC009S0002W0135.wav,银行 业金 融机 构 执行 首套 房贷 款 政策,银行业金融机构执行首套房贷款政策,银行业金融机构执行首套房贷款政策,16,16,0,0,7.15,0.086870909,184.1813356,0.012149777,<|zh|><|NEUTRAL|><|Speech|><|withitn|>银行业金融机构执行首套房贷款政策。
BAC009S0002W0136.wav,这个 后来 被 称 为 九三零 新政 策 的 措施,这个后来被称为九三零新政策的措施,这个后来被称为新政策的措施,16,13,3,0.1875,6.323,0.086900473,149.5964246,0.013743551,<|zh|><|NEUTRAL|><|Speech|><|withitn|>这个后来被称为930新政策的措施。
BAC009S0002W0137.wav,被 市场 公认 为 是 今年 对 楼市 影响 最 大 的 一 个 政策,被市场公认为是今年对楼市影响最大的一个政策,被市场公认为是今年对楼市影响最大的一个政策,21,21,0,0,7.248,0.094577789,222.0394466,0.013048812,<|zh|><|NEUTRAL|><|Speech|><|withitn|>被市场公认为是今年对楼市影响最大的一个政策。
BAC009S0002W0138.wav,以 提高 住房 公积金 缴存 职工 住房 消费 能力,以提高住房公积金缴存职工住房消费能力,以提高住房公积金缴存职工住房消费能力,18,18,0,0,6.4510625,0.096395969,186.7297991,0.01494265,<|zh|><|NEUTRAL|><|Speech|><|withitn|>以提高住房公积金。 <|zh|><|NEUTRAL|><|Speech|><|withitn|>缴存职工住房消费能力。
BAC009S0002W0139.wav,支持 缴存 职工 购买 首套 和 改善 型 自 住 住房,支持缴存职工购买首套和改善型自住住房,支持缴存职工购买手套和改善型自住住房,18,18,1,0.055555556,6.834,0.087331533,206.1111181,0.012778978,<|zh|><|NEUTRAL|><|Speech|><|withitn|>支持缴存职工购买手套和改善型自住住房。
BAC009S0002W0140.wav,通过 财政 补贴 手段 鼓励 购房 的 地区 也 在 不 断 增加,通过财政补贴手段鼓励购房的地区也在不断增加,通过财政补贴手段鼓励购房的地区也在不断增加,21,21,0,0,7.631,0.090184689,232.8554917,0.011818201,<|zh|><|NEUTRAL|><|Speech|><|withitn|>通过财政补贴手段，鼓励购房的地区也在不断增加。
BAC009S0002W0141.wav,其中 多项 政策 惠及 购房 者,其中多项政策惠及购房者,其中多项政策惠及购房者,11,11,0,0,5.153,0.085264206,129.0107599,0.016546518,<|zh|><|NEUTRAL|><|Speech|><|withitn|>其中，多项政策惠及购房者。
BAC009S0002W0142.wav,尚未 取消 限 购,尚未取消限购,尚未取消限购,6,6,0,0,2.547,0.071473598,83.94708155,0.028061876,<|zh|><|NEUTRAL|><|Speech|><|withitn|>尚未取消限购。
BAC009S0002W0143.wav,也 通过 大幅 调整 对 普通 住宅 总价 认定 标准 的 方式,也通过大幅调整对普通住宅总价认定标准的方式,也通过大幅调整对普通住宅总价认定标准的方式,21,21,0,0,8.408,0.094510317,222.1979642,0.011240523,<|zh|><|NEUTRAL|><|Speech|><|withitn|>也通过大幅调整对普通住宅总价认定。 <|zh|><|NEUTRAL|><|Speech|><|withitn|>标准的方式。
BAC009S0002W0144.wav,刺激 改善 型 需求 入市,刺激改善型需求入市,刺激改善型需求入市,9,9,0,0,4.553,0.083931684,107.2300652,0.01843437,<|zh|><|NEUTRAL|><|Speech|><|withitn|>刺激改善型需求入市。
BAC009S0002W0145.wav,而 另外 一 剂 楼市 强心剂 则 当属 央行 的 不 对称 降息,而另外一剂楼市强心剂则当属央行的不对称降息,而另外一季楼市强新剂则当属央行的不对称降息,21,21,2,0.095238095,8.536,0.102248907,205.3811683,0.011978551,<|zh|><|NEUTRAL|><|Speech|><|withitn|>而另外一季楼市强新剂则当属央行的不对称降息。
BAC009S0002W0146.wav,有业 内人 士 当时 就 指出,有业内人士当时就指出,有业内人士当时就指出,10,10,0,0,3.6389375,0.079918146,125.1280277,0.021961945,<|zh|><|NEUTRAL|><|Speech|><|withitn|>有业内人士当时就指出。
BAC009S0002W0147.wav,对于 房地 产业 的 影响 来说,对于房地产业的影响来说,对于房地产业的影响来说,11,11,0,0,4.012,0.077863932,141.2720854,0.01940776,<|zh|><|NEUTRAL|><|Speech|><|withitn|>对于房地产业的影响来说。
BAC009S0002W0148.wav,货币 手段 历来 是 刺激 市场 需求 的 最 有效 工具,货币手段历来是刺激市场需求的最有效工具,货币手段历来是刺激市场需求的最有效工具,19,19,0,0,5.87,0.082463741,230.4042928,0.014048338,<|zh|><|NEUTRAL|><|Speech|><|withitn|>货币手段历来是刺激市场需求的最有效工具。
BAC009S0002W0149.wav,此次 降息 将 成为 市场 加快 库存 去 化 的 重要 利器,此次降息将成为市场加快库存去化的重要利器,此次降息将成为市场加快库存去化的重要利器,20,20,0,0,7.476,0.09105587,219.645367,0.012179758,<|zh|><|NEUTRAL|><|Speech|><|withitn|>此次降息将成为市场加快库存去化的重要利器。
BAC009S0002W0150.wav,房地 产 市场 迅速 变化,房地产市场迅速变化,房地产市场迅速变化,9,9,0,0,3.57,0.075676203,118.9277431,0.021197816,<|zh|><|NEUTRAL|><|Speech|><|withitn|>房地产市场迅速变化。
BAC009S0002W0151.wav,住房 和 城乡 建设 部会 配合 有 关 部门,住房和城乡建设部会配合有关部门,住房和城乡建设部会配合有关部门,15,15,0,0,5.263,0.080582857,186.1438094,0.015311202,<|zh|><|NEUTRAL|><|Speech|><|withitn|>住房和城乡建设部会配合有关部门。
BAC009S0002W0152.wav,强化 地方 调控 主体 责任,强化地方调控主体责任,强化地方调控主体责任,10,10,0,0,3.618,0.074692011,133.8831273,0.020644558,<|zh|><|NEUTRAL|><|Speech|><|withitn|>强化地方调控主体责任。
BAC009S0002W0153.wav,及时 调整 了 限 购 差别 化 信贷 等 方面 的 政策,及时调整了限购差别化信贷等方面的政策,及时调整了限购差别化信贷等方面的政策,18,18,0,0,6.067,0.096878529,185.799684,0.015968111,<|zh|><|NEUTRAL|><|Speech|><|withitn|>及时调整了限购、差别化、信贷等方面的政策。
BAC009S0002W0154.wav,支持 居民 合理 的 住房 消费,支持居民合理的住房消费,支持居民合理的住房消费,11,11,0,0,3.147,0.073698282,149.2572101,0.023418583,<|zh|><|NEUTRAL|><|Speech|><|withitn|>支持居民合理的住房消费。
BAC009S0002W0155.wav,总体 上 保持 了 房地 产 市场 平稳 运行,总体上保持了房地产市场平稳运行,总体上保持了房地产市场平稳运行,15,15,0,0,4.1600625,0.081990242,182.9486001,0.019708897,<|zh|><|NEUTRAL|><|Speech|><|withitn|>总体上保持了房地产市场平稳运行。
BAC009S0002W0156.wav,住 建 部 新闻 发言 人 倪 虹 近日 表示,住建部新闻发言人倪虹近日表示,住建部新闻发言人倪虹近日表示,14,14,0,0,4.4259375,0.077823877,179.8933757,0.017583592,<|zh|><|NEUTRAL|><|Speech|><|withitn|>住建部新闻发言人倪虹近日表示。
BAC009S0002W0157.wav,即 政府 做好 的 事,即政府做好的事,即政府做好的事,7,7,0,0,2.7829375,0.073694468,94.98677761,0.02648082,<|zh|><|NEUTRAL|><|Speech|><|withitn|>即政府做好的事。
BAC009S0002W0158.wav,市场 发挥 经济 规律 做好 市场 的 事情,市场发挥经济规律做好市场的事情,市场发挥经济规律做好市场的事情,15,15,0,0,4.297,0.07957983,188.4899725,0.018519858,<|zh|><|NEUTRAL|><|Speech|><|withitn|>市场发挥经济规律，做好市场的事情。
BAC009S0002W0159.wav,今年 有 望 超 三百亿 美元,今年有望超三百亿美元,今年有望超亿美元,10,8,2,0.2,3.51,0.074870586,106.8510397,0.021330651,<|zh|><|NEUTRAL|><|Speech|><|withitn|>今年有望超300亿美元。
BAC009S0002W0160.wav,就 连 一向 看多 的 任 志强,就连一向看多的任志强,就连一向看多的任志强,10,10,0,0,3.629,0.074932098,133.4541567,0.02064814,<|zh|><|NEUTRAL|><|Speech|><|withitn|>就连一向看多的任志强。
BAC009S0002W0161.wav,近期 也 一 反常 态 地 发表 看空 言论,近期也一反常态地发表看空言论,近期也一反常态得发表看空言论,14,14,1,0.071428571,6.078,0.088525295,158.1468885,0.014564873,<|zh|><|NEUTRAL|><|Speech|><|withitn|>近期也一反常态。 <|zh|><|NEUTRAL|><|Speech|><|withitn|>得发表看空言论。
BAC009S0002W0162.wav,为了 维持 业绩 的 稳步 增长,为了维持业绩的稳步增长,为了维持业绩的稳步增长,11,11,0,0,3.2750625,0.07881999,139.5585051,0.024066713,<|zh|><|NEUTRAL|><|Speech|><|withitn|>为了维持业绩的稳步增长。
BAC009S0002W0163.wav,房企 纷纷 加大 海外 投资 的 力度,房企纷纷加大海外投资的力度,房企纷纷加大海外投资的力度,13,13,0,0,3.9930625,0.080290556,161.911944,0.020107513,<|zh|><|NEUTRAL|><|Speech|><|withitn|>房企纷纷加大海外投资的力度。
BAC009S0002W0164.wav,以 填补 国内 市场 下滑 带来 的 损失,以填补国内市场下滑带来的损失,以填补国内市场下滑带来的损失,14,14,0,0,4.3559375,0.082952023,168.7722562,0.019043437,<|zh|><|NEUTRAL|><|Speech|><|withitn|>以填补国内市场下滑带来的损失。
BAC009S0002W0165.wav,近年 来 中国 已 成为 全球 资本 输出 大国,近年来中国已成为全球资本输出大国,近年来中国已成为全球资本输出大国,16,16,0,0,4.819,0.080173254,199.567801,0.016636907,<|zh|><|NEUTRAL|><|Speech|><|withitn|>近年来，中国已成为全球资本输出大国。
BAC009S0002W0166.wav,对外 房地 产 投资 增长 迅速,对外房地产投资增长迅速,对外房地产投资增长迅速,11,11,0,0,3.786,0.0817554,134.5476879,0.021594136,<|zh|><|NEUTRAL|><|Speech|><|withitn|>对外房地产投资增长迅速。
BAC009S0002W0167.wav,中国 跨境 房地 产 投资 额 则有 望 超过 三百亿 美元,中国跨境房地产投资额则有望超过三百亿美元,中国跨境房地产投资额则有望超过亿美元,20,18,2,0.1,6.1759375,0.083967686,214.3681805,0.013595942,<|zh|><|NEUTRAL|><|Speech|><|withitn|>中国跨境房地产投资额则有望超过300亿美元。
BAC009S0002W0168.wav,超过 此前 数 年 海外 房地 产 投资 的 总和,超过此前数年海外房地产投资的总和,超过此前数年海外房地产投资的总和,16,16,0,0,5.831,0.085862637,186.3441497,0.014725199,<|zh|><|NEUTRAL|><|Speech|><|withitn|>超过此前数年海外房地产投资的总和。
BAC009S0002W0169.wav,新华 联 在 今年 一月 份,新华联在今年一月份,新华联在今年月份,9,8,1,0.111111111,3.029,0.073784113,108.4244247,0.024359232,<|zh|><|NEUTRAL|><|Speech|><|withitn|>新华联在今年1月份。
BAC009S0002W0170.wav,正式 进军 澳大利亚 市场,正式进军澳大利亚市场,正式进军澳大利亚市场,10,10,0,0,3.019,0.07456708,134.107438,0.024699265,<|zh|><|NEUTRAL|><|Speech|><|withitn|>正式进军澳大利亚市场。
BAC009S0002W0171.wav,而 对外 投资 规模 最 大 的 两家 房企,而对外投资规模最大的两家房企,而对外投资规模最大的两家房企,14,14,0,0,4.671,0.085769653,163.2278954,0.018362161,<|zh|><|NEUTRAL|><|Speech|><|withitn|>而对外投资规模最大的两家房企。
BAC009S0002W0172.wav,无 疑 当属 绿地 和 万达,无疑当属绿地和万达,无一栋数绿地和万达,9,9,3,0.333333333,5.271,0.083344936,107.9849646,0.015811978,<|zh|><|NEUTRAL|><|Speech|><|withitn|>无一栋数。 <|zh|><|NEUTRAL|><|Speech|><|withitn|>绿地和万达。
BAC009S0002W0173.wav,建成 后 该 项目 有 望成 为 芝加哥 第 三高 建筑,建成后该项目有望成为芝加哥第三高建筑,建成后该项目有望成为芝加哥第三高建筑,18,18,0,0,6.522,0.099276781,181.3112775,0.015221831,<|zh|><|NEUTRAL|><|Speech|><|withitn|>建成后，该项目有望成为芝加哥第三高建筑。
BAC009S0002W0174.wav,海外 项目 总 投资 超过 两百亿 美元,海外项目总投资超过两百亿美元,海外项目总投资超过亿美元,14,12,2,0.142857143,4.972,0.079885244,150.2154759,0.016067024,<|zh|><|NEUTRAL|><|Speech|><|withitn|>海外项目总投资超过200亿美元。
BAC009S0002W0175.wav,国家 在 相关 政策 上 的 变动,国家在相关政策上的变动,国家在相关政策上的变动,11,11,0,0,3.652,0.075600863,145.5009855,0.020701222,<|zh|><|NEUTRAL|><|Speech|><|withitn|>国家在相关政策上的变动。
BAC009S0002W0176.wav,也 进一步 支持 了 房企 到 海外 的 投资,也进一步支持了房企到海外的投资,也进一步支持了房企到海外的投资,15,15,0,0,6.1889375,0.086386919,173.6373999,0.013958279,<|zh|><|NEUTRAL|><|Speech|><|withitn|>也进一步支持了。 <|zh|><|NEUTRAL|><|Speech|><|withitn|>房企到海外的投资。
BAC009S0002W0177.wav,国务院 在 今年 取消 了 对 一般 境外 投资 项目 的 审核 制度,国务院在今年取消了对一般境外投资项目的审核制度,国务院在今年取消了对一般境外投资项目的审核制度,23,23,0,0,6.226,0.087408543,263.1321757,0.014039278,<|zh|><|NEUTRAL|><|Speech|><|withitn|>国务院在今年取消了对一般境外投资项目的审核制度。
BAC009S0002W0178.wav,打破 过去 在 外汇 管理 跨境 资金 流动 方面 的 多 重 限制,打破过去在外汇管理跨境资金流动方面的多重限制,打破过去在外汇管理跨境资金流动方面的多重限制,22,22,0,0,8.207,0.091194868,241.2416451,0.01111184,<|zh|><|NEUTRAL|><|Speech|><|withitn|>打破过去在外汇管理跨境资金流动方面的多重限制。
BAC009S0002W0179.wav,移民 人数 的 不 断 增长,移民人数的不断增长,移民人数的不断增长,9,9,0,0,2.795,0.073658705,122.1851515,0.026353741,<|zh|><|NEUTRAL|><|Speech|><|withitn|>移民人数的不断增长。
BAC009S0002W0180.wav,也 为 出海 房企 提供 了 大量 的 需求,也为出海房企提供了大量的需求,也为出海房企提供了大量的需求,14,14,0,0,5.132,0.086991549,160.935174,0.016950808,<|zh|><|NEUTRAL|><|Speech|><|withitn|>也为出海房企提供了大量的需求。
BAC009S0002W0181.wav,胡润 中国 私人 财富 管理 白皮书 调查 显示,胡润中国私人财富管理白皮书调查显示,胡润中国私人财富管理白皮书调查显示,17,17,0,0,6.8760625,0.097465754,174.4202387,0.014174646,<|zh|><|NEUTRAL|><|Speech|><|withitn|>胡润中国私人。 <|zh|><|NEUTRAL|><|Speech|><|withitn|>财富管理白皮书调查显示。
BAC009S0002W0182.wav,中国 内地 的 千万 富豪 中,中国内地的千万富豪中,中国内地的千万富豪中,10,10,0,0,3.172,0.074026346,135.0870401,0.023337436,<|zh|><|NEUTRAL|><|Speech|><|withitn|>中国内地的千万富豪中。
BAC009S0002W0183.wav,百分 之 四十六 正在 考虑 移民 国外,百分之四十六正在考虑移民国外,正在考虑移名国外,14,8,7,0.5,4.495,0.082787991,96.63237318,0.018417795,<|zh|><|NEUTRAL|><|Speech|><|withitn|>46%正在考虑移名国外。
BAC009S0002W0184.wav,百分 之 十四 已经 移民 或者 正在 申请 移民,百分之十四已经移民或者正在申请移民,已经移民或者正在申请移民,17,12,5,0.294117647,6.315,0.086464643,138.7850515,0.013691947,<|zh|><|NEUTRAL|><|Speech|><|withitn|>14%已经移民或者正在申请移民。
BAC009S0002W0185.wav,家 资 在 一亿 元 以上 的 富人 中,家资在一亿元以上的富人中,加资在亿元以上的富人中,12,11,2,0.166666667,4.4729375,0.077805042,141.3790119,0.017394619,<|zh|><|NEUTRAL|><|Speech|><|withitn|>加资在1亿元以上的富人中。
BAC009S0002W0186.wav,有 移民 意向 的人 比例 高 达 百分 之 七十四,有移民意向的人比例高达百分之七十四,有移民意向的人比例高达,17,11,6,0.352941176,5.768,0.081336498,135.240639,0.014101335,<|zh|><|NEUTRAL|><|Speech|><|withitn|>有移民意向的人比例高达74%。
BAC009S0002W0187.wav,公布 的 招股 意向 书 显示,公布的招股意向书显示,公布的招股意向书显示,10,10,0,0,3.734,0.075195789,132.9861697,0.020138133,<|zh|><|NEUTRAL|><|Speech|><|withitn|>公布的招股意向书显示。
BAC009S0002W0188.wav,二零一一 年 十月 一 日,二零一一年十月一日,年月日,9,3,6,0.666666667,3.091,0.074597359,40.2159011,0.02413373,<|zh|><|NEUTRAL|><|Speech|><|withitn|>2011年10月1日。
BAC009S0002W0189.wav,该 公司 的大 客户 中,该公司的大客户中,该公司的大客户中,8,8,0,0,3.172,0.073194027,109.2985361,0.02307504,<|zh|><|NEUTRAL|><|Speech|><|withitn|>该公司的大客户中。
BAC009S0002W0190.wav,就 分别 包括 了 通号 集团 和 通号 院,就分别包括了通号集团和通号院,就分别包括了通浩集团和通浩院,14,14,2,0.142857143,5.6490625,0.082174301,170.3695657,0.014546538,<|zh|><|NEUTRAL|><|Speech|><|withitn|>就分别包括了通浩集团和通浩院。
BAC009S0002W0192.wav,在 现任 董事 会成 员 中,在现任董事会成员中,在现任董事会成员中,9,9,0,0,3.453,0.074361801,121.0298818,0.021535419,<|zh|><|NEUTRAL|><|Speech|><|withitn|>在现任董事会成员中。
BAC009S0002W0193.wav,信号 系统 这种 产品 本身 并 不 是一 个 指定 性 的 产品,信号系统这种产品本身并不是一个指定性的产品,信号系统这种产品本身并不是一个指定性的产品,21,21,0,0,7.187,0.100573301,208.8029301,0.013993781,<|zh|><|NEUTRAL|><|Speech|><|withitn|>信号系统这种产品本身。 <|zh|><|NEUTRAL|><|Speech|><|withitn|>并不是一个指定性的产品。
BAC009S0002W0194.wav,而是 一 个 竞争 性 的 产品,而是一个竞争性的产品,而是一个竞争性的产品,10,10,0,0,2.8689375,0.075635672,132.2127481,0.026363653,<|zh|><|NEUTRAL|><|Speech|><|withitn|>而是一个竞争性的产品。
BAC009S0002W0195.wav,信号 系统 是一 个 争 竞争 性 领域 和 竞争 性 的 产品,信号系统是一个争竞争性领域和竞争性的产品,信号系统是一个真竞争性领域和竞争性的产品,20,20,1,0.05,6.529,0.089355946,223.8239422,0.013686008,<|zh|><|NEUTRAL|><|Speech|><|withitn|>信号系统是一个真竞争性领域和竞争性的产品。
BAC009S0002W0196.wav,它 在 形式 意义 上有 竞争,它在形式意义上有竞争,它在形式意义上有竞争,10,10,0,0,3.328,0.078215837,127.8513447,0.023502355,<|zh|><|NEUTRAL|><|Speech|><|withitn|>它在形式意义上有竞争。
BAC009S0002W0197.wav,但 在 实际 意义 上 没 有 竞争,但在实际意义上没有竞争,但在实际意义上没有竞争,11,11,0,0,3.5639375,0.077730656,141.5143087,0.021810331,<|zh|><|NEUTRAL|><|Speech|><|withitn|>但在实际意义上没有竞争。
BAC009S0002W0198.wav,它 形成 了 一 个 利益 圈,它形成了一个利益圈,它形成了一个利益圈,9,9,0,0,3.209,0.079494715,113.2150739,0.024772426,<|zh|><|NEUTRAL|><|Speech|><|withitn|>它形成了一个利益圈。
BAC009S0002W0199.wav,所有 的 利益 在 一 个 特定 的 圈子 里来 分配,所有的利益在一个特定的圈子里来分配,所有的利益在一个特定的圈子里来分配,17,17,0,0,4.629,0.080577135,210.9779652,0.017407029,<|zh|><|NEUTRAL|><|Speech|><|withitn|>所有的利益在一个特定的圈子里来分配。
BAC009S0002W0200.wav,相对 应 的 管制 措施 相对 较少,相对应的管制措施相对较少,相对应的管制措施相对较少,12,12,0,0,3.7039375,0.074908733,160.1949394,0.020224081,<|zh|><|NEUTRAL|><|Speech|><|withitn|>相对应的管制措施相对较少。
BAC009S0002W0201.wav,但 在 特定 的 过程 中间,但在特定的过程中间,但在特定的过程中间,9,9,0,0,3.342,0.07400465,121.6139795,0.022143821,<|zh|><|NEUTRAL|><|Speech|><|withitn|>但在特定的过程中间。
BAC009S0002W0202.wav,竞争 只是 在 表面 层次 上 展开,竞争只是在表面层次上展开,竞争只是在表面层次上展开,12,12,0,0,4.1780625,0.079518318,150.9086243,0.019032343,<|zh|><|NEUTRAL|><|Speech|><|withitn|>竞争只是在表面层次上展开。
BAC009S0002W0203.wav,实质 意义 上 没 有 完成,实质意义上没有完成,实质意义上没有完成,9,9,0,0,3.0409375,0.075824022,118.6958925,0.024934423,<|zh|><|NEUTRAL|><|Speech|><|withitn|>实质意义上没有完成。
BAC009S0002W0204.wav,如果 是 指定 性 产品 的 话,如果是指定性产品的话,如果是指定性产品的话,10,10,0,0,3.2170625,0.078189611,127.8942281,0.02430466,<|zh|><|NEUTRAL|><|Speech|><|withitn|>如果是指定性产品的话。
BAC009S0002W0205.wav,而 如果 是 竞争 性 产品 的 话,而如果是竞争性产品的话,而如果是竞争性产品的话,11,11,0,0,3.993,0.081667662,134.6922365,0.020452708,<|zh|><|NEUTRAL|><|Speech|><|withitn|>而如果是竞争性产品的话。
BAC009S0002W0206.wav,竞争 者 之间 会 相互 形成 制约 和 监督,竞争者之间会相互形成制约和监督,竞争者之间会相互形成制约和监督,15,15,0,0,6.0039375,0.0930264,161.2445506,0.015494232,<|zh|><|NEUTRAL|><|Speech|><|withitn|>竞争者之间会相互形成制约和监督。
BAC009S0002W0207.wav,这样 能够 相对 保障 产品 的 质量,这样能够相对保障产品的质量,这样能够相对保障产品的质量,13,13,0,0,3.609,0.074552059,174.3747945,0.020657262,<|zh|><|NEUTRAL|><|Speech|><|withitn|>这样能够相对保障产品的质量。
BAC009S0002W0208.wav,从而 导致 了 对其 的 管理 和 评价 处于 缺失 的 状态,从而导致了对其的管理和评价处于缺失的状态,从而导致了对其的管理和评价处于缺失的状态,20,20,0,0,4.836,0.078599691,254.4539253,0.016253038,<|zh|><|NEUTRAL|><|Speech|><|withitn|>从而导致了对其的管理和评价处于缺失的状态。
BAC009S0002W0209.wav,央 企 无限 制 没 有 边际 的 扩张 导致 市场 竞争 的 失败,央企无限制没有边际的扩张导致市场竞争的失败,央企无限制没有边际的扩张导致市场竞争的失败,21,21,0,0,6.1840625,0.084748507,247.7919772,0.013704342,<|zh|><|NEUTRAL|><|Speech|><|withitn|>央企无限制，没有边际的扩张，导致市场竞争的失败。
BAC009S0002W0210.wav,这 不 利于 市场 化 的 相互 监督 机制 的 形成,这不利于市场化的相互监督机制的形成,这不利于市场化的相互监督机制的形成,17,17,0,0,4.4349375,0.082268715,206.6399119,0.018550141,<|zh|><|NEUTRAL|><|Speech|><|withitn|>这不利于市场化的相互监督机制的形成。
BAC009S0002W0211.wav,如果 一 个 垄断 企业 的 所有 产品 都 是 内部 采购,如果一个垄断企业的所有产品都是内部采购,如果一个垄断企业的所有产品都是内部采购,19,19,0,0,6.844,0.09294343,204.4254232,0.013580279,<|zh|><|NEUTRAL|><|Speech|><|withitn|>如果一个垄断企业的所有产品都是内部采购。
BAC009S0002W0212.wav,这种 模式 不 能保 证所 有 采购 产品 是 市场 上 最 好 的 产品,这种模式不能保证所有采购产品是市场上最好的产品,这种模式不能保证所有采购产品是市场上最好的产品,23,23,0,0,8.2999375,0.092560053,248.4873256,0.011151898,<|zh|><|NEUTRAL|><|Speech|><|withitn|>这种模式不能保证所有采购产品是市场上最好的产品。
BAC009S0002W0213.wav,政企 兴 分 痼疾 难消 产业 垄断 有 待 破除,政企兴分痼疾难消产业垄断有待破除,政企兴奋顾及难消产业垄断有待破除,16,16,3,0.1875,6.333,0.083751678,191.0409474,0.013224645,<|zh|><|NEUTRAL|><|Speech|><|withitn|>政企兴奋顾及难消，产业垄断有待破除。
BAC009S0002W0214.wav,政企 不 分 是一 种 痼疾,政企不分是一种痼疾,政企不分是一种痼疾,9,9,0,0,3.2359375,0.073748112,122.0370229,0.022790339,<|zh|><|NEUTRAL|><|Speech|><|withitn|>政企不分是一种痼疾。
BAC009S0002W0215.wav,但 迄今 很 难说 已经 完全 分开,但迄今很难说已经完全分开,但迄今很难说已经完全分开,12,12,0,0,4.328,0.077270031,155.2995366,0.017853519,<|zh|><|NEUTRAL|><|Speech|><|withitn|>但迄今很难说，已经完全分开。
BAC009S0002W0216.wav,尤其 在 号称 自然 垄断 行业 更 是 如此,尤其在号称自然垄断行业更是如此,尤其在号称自然垄断行业更是如此,15,15,0,0,5.036,0.084898472,176.6816254,0.016858315,<|zh|><|NEUTRAL|><|Speech|><|withitn|>尤其在号称自然垄断行业，更是如此。
BAC009S0002W0217.wav,有 的 迄今 还是 政企 合一 的 体制,有的迄今还是政企合一的体制,有的起经还是正气合一的体制,13,13,4,0.307692308,3.9039375,0.081953764,158.6260273,0.020992591,<|zh|><|NEUTRAL|><|Speech|><|withitn|>有的起经还是正气合一的体制。
BAC009S0002W0218.wav,这些 产业 部门 如今 日之 铁道 部 的 法律 地位,这些产业部门如今日之铁道部的法律地位,这些产业部门如今日之铁道部的法律地位,18,18,0,0,7.75,0.093430042,192.6575175,0.012055489,<|zh|><|NEUTRAL|><|Speech|><|withitn|>这些产业部门如今日之铁道部的。 <|zh|><|NEUTRAL|><|Speech|><|withitn|>法律地位。
BAC009S0002W0219.wav,著名 经济 学家 修 泽 对 经济 参考 记者 表示,著名经济学家修泽对经济参考记者表示,著名经济学家修泽对经济参考记者表示,17,17,0,0,7.897,0.103658199,164.0005336,0.013126276,<|zh|><|NEUTRAL|><|Speech|><|withitn|>著名经济学家修泽对经济参。 <|zh|><|NEUTRAL|><|Speech|><|withitn|>考记者表示。
BAC009S0002W0220.wav,常修 泽 向 记者 提供 的 一 份 数据 显示,常修泽向记者提供的一份数据显示,常修则向记者提供的一份数据显示,15,15,1,0.066666667,5.979,0.085372448,175.7007133,0.014278717,<|zh|><|NEUTRAL|><|Speech|><|withitn|>常修则向记者提供的一份数据显示。
BAC009S0002W0221.wav,在 中国 行业 性 固定 资产 投资 中,在中国行业性固定资产投资中,在中国行业性固定资产投资中,13,13,0,0,6.53,0.089859009,144.6710817,0.013760951,<|zh|><|NEUTRAL|><|Speech|><|withitn|>在中国行业性固定。 <|zh|><|NEUTRAL|><|Speech|><|withitn|>资产投资中。
BAC009S0002W0222.wav,铁路 运输 业 的 一亿 元,铁路运输业的一亿元,铁路运输业的亿元,9,8,1,0.111111111,3.893875,0.07603097,105.2202812,0.019525786,<|zh|><|NEUTRAL|><|Speech|><|withitn|>铁路运输业的1亿元。
BAC009S0002W0223.wav,有 一半来 自 于 国有 控股,有一半来自于国有控股,有一半来自于国有控股,10,10,0,0,3.9039375,0.085059166,117.5652252,0.021788045,<|zh|><|NEUTRAL|><|Speech|><|withitn|>有一半来自于国有控股。
BAC009S0002W0224.wav,这个 比例 也 超过 了 百分 之 八十,这个比例也超过了百分之八十,这个比例也超过了,13,8,5,0.384615385,4.2480625,0.084034443,95.19906033,0.019781828,<|zh|><|NEUTRAL|><|Speech|><|withitn|>这个比例也超过了80%。
BAC009S0002W0225.wav,垄断 最 大 的 危害 就 是 会 让 竞争 机制 失效,垄断最大的危害就是会让竞争机制失效,垄断最大的危害就是会让竞争机制失效,17,17,0,0,6.235,0.083841085,202.7645505,0.013446846,<|zh|><|NEUTRAL|><|Speech|><|withitn|>垄断最大的危害就是会让竞争机制失效。
BAC009S0002W0226.wav,市场 机制 要 起 到 资源 配置 的 作用,市场机制要起到资源配置的作用,市场机制要起到资源配置的作用,14,14,0,0,4.7789375,0.079842329,175.3455864,0.01670713,<|zh|><|NEUTRAL|><|Speech|><|withitn|>市场机制要起到资源配置的作用。
BAC009S0002W0227.wav,会 极大 地 激发 创造 性,会极大地激发创造性,会极大地激发创造性,9,9,0,0,4.75,0.084688902,106.2713035,0.017829243,<|zh|><|NEUTRAL|><|Speech|><|withitn|>会极大地激发创造性。
BAC009S0002W0228.wav,推动 社会 生产 力 发展,推动社会生产力发展,推动社会生产力发展,9,9,0,0,3.1760625,0.073263407,122.8444103,0.023067369,<|zh|><|NEUTRAL|><|Speech|><|withitn|>推动社会生产力发展。
BAC009S0002W0229.wav,垄断 就 是 消除 和 限制 竞争 的 行为,垄断就是消除和限制竞争的行为,垄断就是消除和限制竞争的行为,14,14,0,0,4.553,0.081564665,171.6429538,0.017914488,<|zh|><|NEUTRAL|><|Speech|><|withitn|>垄断就是消除和限制竞争的行为。
BAC009S0002W0230.wav,竞争 就会 被 限制 和 消除,竞争就会被限制和消除,竞争就会被限制和消除,10,10,0,0,3.51,0.073581934,135.9029243,0.020963514,<|zh|><|NEUTRAL|><|Speech|><|withitn|>竞争就会被限制和消除。
BAC009S0002W0231.wav,市场 配置 的 功能 就会 失效,市场配置的功能就会失效,市场配置的功能就会失效,11,11,0,0,4.2480625,0.076801538,143.2262975,0.018079192,<|zh|><|NEUTRAL|><|Speech|><|withitn|>市场配置的功能就会失效。
BAC009S0002W0232.wav,整个 社会 的 效率 就会 大 打折 扣,整个社会的效率就会大打折扣,整个社会的效率就会大打折扣,13,13,0,0,4.6910625,0.077912092,166.8547158,0.016608624,<|zh|><|NEUTRAL|><|Speech|><|withitn|>整个社会的效率就会大打折扣。
BAC009S0002W0233.wav,垄断 会 导致 市场 竞争 失灵,垄断会导致市场竞争失灵,垄断会导致市场竞争失灵,11,11,0,0,3.8350625,0.075087786,146.4951975,0.019579286,<|zh|><|NEUTRAL|><|Speech|><|withitn|>垄断会导致市场竞争失灵。
BAC009S0002W0234.wav,而 破除 垄断 的 最 好 方法 就 是 引入 竞争,而破除垄断的最好方法就是引入竞争,而破除垄断的最好方法就是引入竞争,16,16,0,0,6.0279375,0.083698273,191.1628458,0.01388506,<|zh|><|NEUTRAL|><|Speech|><|withitn|>而破除垄断的最好方法就是引入竞争。
BAC009S0002W0235.wav,最 重要 的 一 点 是 要 改革,最重要的一点是要改革,最重要的一点是要改革,10,10,0,0,3.688,0.075639486,132.2060803,0.020509622,<|zh|><|NEUTRAL|><|Speech|><|withitn|>最重要的一点是要改革。
BAC009S0002W0236.wav,创造 条件 让 民营 企业 进入,创造条件让民营企业进入,创造条件让民营企业进入,11,11,0,0,3.432,0.073896646,148.856552,0.021531657,<|zh|><|NEUTRAL|><|Speech|><|withitn|>创造条件，让民营企业进入。
BAC009S0002W0237.wav,但是 有 些 行业 民营 企业 还是 很 难进 入,但是有些行业民营企业还是很难进入,但是有些行业民营企业还是很难进入,16,16,0,0,5.703,0.081704378,195.8279393,0.014326561,<|zh|><|NEUTRAL|><|Speech|><|withitn|>但是有些行业民营企业还是很难进入。
BAC009S0002W0238.wav,应用 型 的 产品 都 应该 交给 市场,应用型的产品都应该交给市场,应用型的产品都应该交给市场,13,13,0,0,4.2779375,0.07732749,168.1161515,0.018075881,<|zh|><|NEUTRAL|><|Speech|><|withitn|>应用型的产品都应该交给市场。
BAC009S0002W0239.wav,不 应该 被 央 企 垄断 起来,不应该被央企垄断起来,不应该被央企垄断起来,10,10,0,0,4.1109375,0.077068567,129.7545855,0.0187472,<|zh|><|NEUTRAL|><|Speech|><|withitn|>不应该被央企垄断起来。
BAC009S0002W0240.wav,现在 需要 对 央 企 现有 的 经营 产品 链条 进行 重新 思考,现在需要对央企现有的经营产品链条进行重新思考,现在需要对央企现有的经营产品链条进行重新思考,22,22,0,0,8.092875,0.10622859,207.1005555,0.013126187,<|zh|><|NEUTRAL|><|Speech|><|withitn|>现在需要对央企现有的经营产品链条进行。 <|zh|><|NEUTRAL|><|Speech|><|withitn|>重新思考。
BAC009S0002W0241.wav,央 企 是 不 是 在 经营 这个 产品 的 产业 链 中 形成 垄断,央企是不是在经营这个产品的产业链中形成垄断,央企是不是在经营这个产品的产业链中形成垄断,21,21,0,0,6.166,0.099458456,211.1434345,0.016130142,<|zh|><|NEUTRAL|><|Speech|><|withitn|>央企是不是在经营这个产品的产业链中形成垄断？
BAC009S0002W0242.wav,这个 产业 链 中 是 不 是有 些 行为 应该 放 给 市场,这个产业链中是不是有些行为应该放给市场,这个产业链中是不是有些行为应该放给市场,19,19,0,0,6.2640625,0.092778444,204.788948,0.014811226,<|zh|><|NEUTRAL|><|Speech|><|withitn|>这个产业链中是不是有些行为应该放给市场？
BAC009S0002W0243.wav,让 民营 企业 让 市场 竞争 企业 介入,让民营企业让市场竞争企业介入,让民营企业让市场竞争企业介入,14,14,0,0,4.4549375,0.077731848,180.106358,0.017448471,<|zh|><|NEUTRAL|><|Speech|><|withitn|>让民营企业让市场竞争企业介入。
BAC009S0002W0244.wav,而 不 是 单独 的 一 家来 垄断,而不是单独的一家来垄断,而不是单独的一家来垄断,11,11,0,0,3.776,0.076129675,144.4903057,0.020161461,<|zh|><|NEUTRAL|><|Speech|><|withitn|>而不是单独的一家来垄断。
BAC009S0002W0245.wav,国务院 提出 今年 要 细化 三公 经费 的 解释 说明,国务院提出今年要细化三公经费的解释说明,国务院提出今年要细化三公经费的解释说明,19,19,0,0,6.058,0.082861662,229.2978389,0.013678056,<|zh|><|NEUTRAL|><|Speech|><|withitn|>国务院提出，今年要细化三公经费的解释说明。
BAC009S0002W0246.wav,提出 推进 重点 领域 信息 公开,提出推进重点领域信息公开,提出推进重点领域信息公开,12,12,0,0,5.114,0.082632065,145.222076,0.01615801,<|zh|><|NEUTRAL|><|Speech|><|withitn|>提出推进重点领域信息公开。
BAC009S0002W0247.wav,各省 区 市政 府 要 订制 三公 经费 公开 时间 表,各省区市政府要订制三公经费公开时间表,各省区市政府要定制三公经费公开时间表,18,18,1,0.055555556,7.907,0.090041637,199.9075152,0.011387585,<|zh|><|NEUTRAL|><|Speech|><|withitn|>各省区市政府要定制三公经费公开时间表。
BAC009S0002W0248.wav,争取 在 两年 左右 的 时间 内,争取在两年左右的时间内,争取在两年左右的时间内,11,11,0,0,3.7469375,0.081252337,135.3807222,0.021684999,<|zh|><|NEUTRAL|><|Speech|><|withitn|>争取在两年左右的时间内。
BAC009S0002W0249.wav,实现 省级 政府 全面 公开 三公 经费,实现省级政府全面公开三公经费,实现省级政府全面公开三公经费,14,14,0,0,6.2249375,0.088733435,157.775928,0.01425451,<|zh|><|NEUTRAL|><|Speech|><|withitn|>实现省级政府。 <|zh|><|NEUTRAL|><|Speech|><|withitn|>全面公开三公经费。
BAC009S0002W0250.wav,推进 中央 部门 公开 行政 费,推进中央部门公开行政费,推进中央部门公开行政费,11,11,0,0,4.652,0.07862401,139.906372,0.01690112,<|zh|><|NEUTRAL|><|Speech|><|withitn|>推进中央部门公开行政费。
BAC009S0002W0251.wav,此项 工作 由 财政 部 牵头 落实,此项工作由财政部牵头落实,此项工作由财政部牵头落实,12,12,0,0,5.173,0.081049204,148.0582094,0.015667737,<|zh|><|NEUTRAL|><|Speech|><|withitn|>此项工作由财政部牵头落实。
BAC009S0002W0252.wav,相对 于 繁杂 的 部门 预算 来说,相对于繁杂的部门预算来说,相对于繁杂的部门预算来说,12,12,0,0,4.4450625,0.083262682,144.1221892,0.018731499,<|zh|><|NEUTRAL|><|Speech|><|withitn|>相对于繁杂的部门预算来说。
BAC009S0002W0255.wav,苹果 公司 的 中国 代工 厂 和硕 联,苹果公司的中国代工厂和硕联,苹果公司的中国代工厂和硕联,13,13,0,0,6.579,0.090879679,143.0462803,0.013813601,<|zh|><|NEUTRAL|><|Speech|><|withitn|>苹果公司的。 <|zh|><|NEUTRAL|><|Speech|><|withitn|>中国代工厂和硕联。
BAC009S0002W0257.wav,该 展会 计划 于 五月 二十五 到 二十七 日 在 中国 上海 举行,该展会计划于五月二十五到二十七日在中国上海举行,该展会计划于月到日在中国上海举行,23,16,7,0.304347826,7.8869375,0.089565277,178.6406576,0.011356154,<|zh|><|NEUTRAL|><|Speech|><|withitn|>该展会计划于5月25到27日在中国上海举行。
BAC009S0002W0258.wav,将 汇聚 近 一百 位 行业 高管,将汇聚近一百位行业高管,将汇局近位行业高管,11,9,3,0.272727273,5.301,0.082883835,108.5857094,0.015635509,<|zh|><|NEUTRAL|><|Speech|><|withitn|>将汇局近100位行业高管。
BAC009S0002W0259.wav,并举 办 为期 三天 的 会议,并举办为期三天的会议,并举办为期三天的会议,10,10,0,0,3.344,0.073081255,136.833994,0.021854442,<|zh|><|NEUTRAL|><|Speech|><|withitn|>并举办为期三天的会议。
BAC009S0002W0261.wav,从 最 新机 器 人 到 物 联网 娱乐 可 穿戴 设备 等,从最新机器人到物联网娱乐可穿戴设备等,从最新机器人到物联网娱乐可穿戴设备等,18,18,0,0,6.1069375,0.085745335,209.9239577,0.014040644,<|zh|><|NEUTRAL|><|Speech|><|withitn|>从最新机器人到物联网、娱乐可穿戴设备等。
BAC009S0002W0262.wav,听取 部分 最 具 创新 思维 的人 士 提供 的 深刻 见解,听取部分最具创新思维的人士提供的深刻见解,听取部分最具创新思维的人士提供的深刻见解,20,20,0,0,6.7850625,0.085087538,235.0520479,0.012540421,<|zh|><|NEUTRAL|><|Speech|><|withitn|>听取部分最具创新思维的人士提供的深刻见解。
BAC009S0002W0263.wav,从而 推动 我们 全球 行业 的 发展,从而推动我们全球行业的发展,从而推动我们全球行业的发展,13,13,0,0,4.0909375,0.079523563,163.4735599,0.019438958,<|zh|><|NEUTRAL|><|Speech|><|withitn|>从而推动我们全球行业的发展。
BAC009S0002W0264.wav,大会 会议 具体 包括,大会会议具体包括,大会会议具体包括,8,8,0,0,2.5919375,0.071131945,112.4670503,0.027443542,<|zh|><|NEUTRAL|><|Speech|><|withitn|>大会会议具体包括。
BAC009S0002W0265.wav,中美 消费 科技 市场 的 展望,中美消费科技市场的展望,中美消费科技市场的展望,11,11,0,0,3.214,0.072531462,151.6583251,0.02256735,<|zh|><|NEUTRAL|><|Speech|><|withitn|>中美消费科技市场的展望。
BAC009S0002W0266.wav,五月 二十五 日 周一,五月二十五日周一,月日周一,8,4,4,0.5,2.9920625,0.074353218,53.797268,0.024850155,<|zh|><|NEUTRAL|><|Speech|><|withitn|>5月25日，周一。
BAC009S0002W0267.wav,嘉里 大酒 店 三楼 上海 宴会 厅 一,嘉里大酒店三楼上海宴会厅一,嘉里大酒店三楼上海宴会厅一,13,13,0,0,4.668,0.079792023,162.923555,0.017093407,<|zh|><|NEUTRAL|><|Speech|><|withitn|>嘉里大酒店三楼上海宴会厅一。
BAC009S0002W0268.wav,详细 了解 中美 两大 市场 的 主要 推动 因素 和 促成 因素,详细了解中美两大市场的主要推动因素和促成因素,详细了解中美两大市场的主要推动因素和促成因素,22,22,0,0,5.8469375,0.089570522,245.6165202,0.01531922,<|zh|><|NEUTRAL|><|Speech|><|withitn|>详细了解中美两大市场的主要推动因素和促成因素。
BAC009S0002W0269.wav,以及 塑造 并 定义 未来 增长 途径 的 发展,以及塑造并定义未来增长途径的发展,以及苏州并定义未来增长途径的发展,16,16,2,0.125,5.8470625,0.090999126,175.8258637,0.015563221,<|zh|><|NEUTRAL|><|Speech|><|withitn|>以及苏州。 <|zh|><|NEUTRAL|><|Speech|><|withitn|>并定义未来增长途径的发展。
BAC009S0002W0270.wav,演讲 者,演讲者,演讲者,3,3,0,0,1.7170625,0.068217993,43.9766677,0.039729476,<|zh|><|NEUTRAL|><|Speech|><|withitn|>演讲者。
BAC009S0002W0271.wav,总经 济 师 高级 研究 总监,总经济师高级研究总监,总经济是高级研究总监,10,10,1,0.1,4.9620625,0.078929424,126.6954636,0.015906576,<|zh|><|NEUTRAL|><|Speech|><|withitn|>总经济是高级研究总监。
BAC009S0002W0272.wav,周 群,周群,周群,2,2,0,0,1.344,0.067016125,29.84356389,0.049863188,<|zh|><|NEUTRAL|><|Speech|><|withitn|>周群。
BAC009S0002W0273.wav,捷 孚 凯 市场 咨询 中国 有限 公司,捷孚凯市场咨询中国有限公司,捷福凯市场咨询中国有限公司,13,13,1,0.076923077,4.478,0.081266642,159.9672355,0.018147977,<|zh|><|NEUTRAL|><|Speech|><|withitn|>捷福凯市场咨询中国有限公司。
BAC009S0002W0274.wav,亚洲 传媒 的 未来 与 黎 瑞刚 的 炉边 谈话,亚洲传媒的未来与黎瑞刚的炉边谈话,亚洲传媒的未来与黎瑞刚的卢边谈话,16,16,1,0.0625,7.1219375,0.091513872,174.8368813,0.012849575,<|zh|><|NEUTRAL|><|Speech|><|withitn|>亚洲传媒的未来与黎瑞刚的卢边谈话。
BAC009S0002W0275.wav,五月 二十五 日 周一,五月二十五日周一,月日周一,8,4,4,0.5,2.729,0.073490858,54.42853852,0.026929593,<|zh|><|NEUTRAL|><|Speech|><|withitn|>5月25日，周一。
BAC009S0002W0276.wav,嘉里 大酒 店 三楼 多 功能 厅 三,嘉里大酒店三楼多功能厅三,嘉里大酒店三楼多功能厅,12,11,1,0.083333333,4.615,0.078529119,140.0754277,0.017016061,<|zh|><|NEUTRAL|><|Speech|><|withitn|>嘉里大酒店三楼多功能厅。3。
BAC009S0002W0277.wav,科技 在 电影 电视 和数 字 制作 领域 的 影响 力,科技在电影电视和数字制作领域的影响力,科技在电影电视和数字制作领域的影响力,18,18,0,0,6.069,0.087493658,205.7291968,0.014416487,<|zh|><|NEUTRAL|><|Speech|><|withitn|>科技在电影电视和数字制作领域的影响力。
BAC009S0002W0278.wav,以及 对其 内容 分发 营销 和 货币 化 的 影响,以及对其内容分发营销和货币化的影响,以及对其内容分发营销和货币化的影响,17,17,0,0,6.373875,0.086145639,197.3402266,0.013515427,<|zh|><|NEUTRAL|><|Speech|><|withitn|>以及对其内容分发营销和货币化的影响。
BAC009S0002W0279.wav,主持 人,主持人,主持人,3,3,0,0,1.6750625,0.068525791,43.77913701,0.040909394,<|zh|><|NEUTRAL|><|Speech|><|withitn|>主持人。
BAC009S0002W0280.wav,华为 手机,华为手机,华为手机,4,4,0,0,1.875,0.069169998,57.82853991,0.036890666,<|zh|><|NEUTRAL|><|Speech|><|withitn|>华为手机。
BAC009S0002W0281.wav,华人 文化 产业 投资 基金,华人文化产业投资基金,华人文化产业投资基金,10,10,0,0,3.4980625,0.07740283,129.1942424,0.022127343,<|zh|><|NEUTRAL|><|Speech|><|withitn|>华人文化产业投资基金。
BAC009S0002W0282.wav,五月 二十五 日 周一,五月二十五日周一,月日周一,8,4,4,0.5,2.4859375,0.071867466,55.65800805,0.028909603,<|zh|><|NEUTRAL|><|Speech|><|withitn|>5月25日，周一。
BAC009S0002W0283.wav,嘉里 大酒 店 三楼 浦东 宴会 厅 三,嘉里大酒店三楼浦东宴会厅三,嘉里大酒店三楼浦东宴会厅三,13,13,0,0,4.246,0.078492165,165.6216269,0.018486143,<|zh|><|NEUTRAL|><|Speech|><|withitn|>嘉里大酒店三楼浦东宴会厅三。
BAC009S0002W0284.wav,专家 们 讨论 物 联网 产品 的 影响,专家们讨论物联网产品的影响,专家们讨论物联网产品的影响,13,13,0,0,4.3099375,0.077605724,167.5134162,0.01800623,<|zh|><|NEUTRAL|><|Speech|><|withitn|>专家们讨论物联网产品的影响。
BAC009S0002W0285.wav,包括 哪些 应用 领域 将获 得 广泛 普及 发生 最 大变 化,包括哪些应用领域将获得广泛普及发生最大变化,包括哪些应用领域将获得广泛普及发生最大变化,21,21,0,0,6.501,0.084469318,248.6109797,0.012993281,<|zh|><|NEUTRAL|><|Speech|><|withitn|>包括哪些应用领域将获得广泛普及、发生最大变化？
BAC009S0002W0286.wav,主持 人 周,主持人周,主持人周,4,4,0,0,2.0760625,0.072068691,55.50260356,0.034714124,<|zh|><|NEUTRAL|><|Speech|><|withitn|>主持人周。
BAC009S0002W0287.wav,演讲 者,演讲者,演讲者,3,3,0,0,1.5490625,0.06734252,44.54837762,0.043473081,<|zh|><|NEUTRAL|><|Speech|><|withitn|>演讲者。
BAC009S0002W0288.wav,爱特 梅尔,爱特梅尔,艾特梅尔,4,4,1,0.25,1.6229375,0.067754269,59.03687074,0.041747922,<|zh|><|NEUTRAL|><|Speech|><|withitn|>艾特梅尔。
BAC009S0002W0289.wav,亚太 高科 技 与 电子 产业 主管,亚太高科技与电子产业主管,亚太高科技与电子产业主管,12,12,0,0,4.151,0.076673269,156.5082605,0.018471036,<|zh|><|NEUTRAL|><|Speech|><|withitn|>亚太高科技与电子产业主管。
BAC009S0002W0290.wav,埃森哲,埃森哲,艾森哲,3,3,1,0.333333333,1.812,0.071693659,41.84470494,0.039566037,<|zh|><|NEUTRAL|><|Speech|><|withitn|>艾森哲。
BAC009S0002W0291.wav,张 程,张程,,2,0,2,1,1.5490625,0.070611954,0,0.04558367,<|zh|><|NEUTRAL|><|Speech|><|withitn|>Zhangchen。
BAC009S0002W0292.wav,首席 执行 官 兼 联合 创始 人,首席执行官兼联合创始人,首席执行官将联合创始人,11,11,1,0.090909091,4.193,0.076827526,143.1778499,0.018322806,<|zh|><|NEUTRAL|><|Speech|><|withitn|>首席执行官将联合创始人。
BAC009S0002W0293.wav,迈 外 迪 网络 科技 有限 公司,迈外迪网络科技有限公司,麦外迪网络科技有限公司,11,11,1,0.090909091,3.994,0.07808733,140.8679234,0.019551159,<|zh|><|NEUTRAL|><|Speech|><|withitn|>麦外迪网络科技有限公司。
BAC009S0002W0294.wav,五月 二十六 日 周二,五月二十六日周二,月日周二,8,4,4,0.5,2.792,0.07359767,54.34954696,0.026360197,<|zh|><|NEUTRAL|><|Speech|><|withitn|>5月26日，周二。
BAC009S0002W0295.wav,嘉里 大酒 店 三楼 浦东 宴会 厅 五,嘉里大酒店三楼浦东宴会厅五,嘉里大酒店三楼浦东宴会厅舞,13,13,1,0.076923077,4.4459375,0.081623316,159.2682173,0.018359079,<|zh|><|NEUTRAL|><|Speech|><|withitn|>嘉里大酒店三楼浦东宴会厅舞。
BAC009S0002W0296.wav,京 东 已 构建 了 完整 开放 的 智能 生态 系统,京东已构建了完整开放的智能生态系统,京东已构建了完整开放的智能生态系统,17,17,0,0,5.932,0.082181692,206.8587244,0.01385396,<|zh|><|NEUTRAL|><|Speech|><|withitn|>京东已构建了完整开放的智能生态系统。
BAC009S0002W0297.wav,演讲 者 翁 志,演讲者翁志,演讲者温志,5,5,1,0.2,2.4649375,0.070881367,70.54040054,0.028755847,<|zh|><|NEUTRAL|><|Speech|><|withitn|>演讲者温志。
BAC009S0002W0298.wav,可 穿戴 产品 技术 革命,可穿戴产品技术革命,可穿戴产品技术革命,9,9,0,0,3.952,0.076107264,118.2541531,0.019257911,<|zh|><|NEUTRAL|><|Speech|><|withitn|>可穿戴产品技术革命。
BAC009S0002W0299.wav,五月 二十六 日 周二,五月二十六日周二,月日周二,8,4,4,0.5,2.729,0.071359396,56.05428612,0.026148551,<|zh|><|NEUTRAL|><|Speech|><|withitn|>5月26日周二。
BAC009S0002W0300.wav,嘉里 大酒 店 三楼 浦东 宴会 厅 三,嘉里大酒店三楼浦东宴会厅三,嘉里大酒店三楼浦东宴会厅,13,12,1,0.076923077,4.013875,0.082118511,146.1302674,0.020458662,<|zh|><|NEUTRAL|><|Speech|><|withitn|>嘉里大酒店三楼浦东宴会厅3。
BAC009S0002W0301.wav,从 智能 手表 到 带 嵌入 式 电子 的 健身 手镯 珠宝 和 衣服,从智能手表到带嵌入式电子的健身手镯珠宝和衣服,从智能手表到带嵌入式电子的健身手镯珠宝和衣服,22,22,0,0,9.219,0.098883629,222.4837443,0.010726069,<|zh|><|NEUTRAL|><|Speech|><|withitn|>从智能手表到。 <|zh|><|NEUTRAL|><|Speech|><|withitn|>带嵌入式电子的健身手镯、珠宝和衣服。
BAC009S0002W0302.wav,博士,博士,博士,2,2,0,0,1.4749375,0.067714453,29.53579212,0.045910049,<|zh|><|NEUTRAL|><|Speech|><|withitn|>博士。
BAC009S0002W0303.wav,比如 有 参观 者 要 合照,比如有参观者要合照,比如有参观者要合照,9,9,0,0,3.245,0.074200392,121.2931601,0.022866068,<|zh|><|NEUTRAL|><|Speech|><|withitn|>比如有参观者要合照。
BAC009S0002W0304.wav,它 会 主动 说 不 如 搂 着 我 的 腰 吧,它会主动说不如搂着我的腰吧,他会主动说不如搂着我的腰吧,13,13,1,0.076923077,4.13,0.076622248,169.6635167,0.018552602,<|zh|><|NEUTRAL|><|Speech|><|withitn|>他会主动说，不如搂着我的腰吧。
BAC009S0002W0305.wav,类似 的 机器 人 在国 内部 分 银行 网点 已经 在 使用,类似的机器人在国内部分银行网点已经在使用,类似的机器人在国内部分银行网点已经在使用,20,20,0,0,5.3729375,0.081372261,245.7840023,0.015144837,<|zh|><|NEUTRAL|><|Speech|><|withitn|>类似的机器人在国内部分银行网点已经在使用。
BAC009S0002W0306.wav,看点 二 它 主动 送 上 热 咖啡,看点二它主动送上热咖啡,看点他主动送上热咖啡,11,10,2,0.181818182,4.067,0.077221394,129.4977925,0.018987311,<|zh|><|NEUTRAL|><|Speech|><|withitn|>看点2，他主动送上热咖啡。
BAC009S0002W0307.wav,昨日 当 有 人 上 到 机器 人大 世界 二 楼 的 时候,昨日当有人上到机器人大世界二楼的时候,昨日当有人上到机器人大世界二楼的时候,18,18,0,0,6.0690625,0.094671965,190.1302045,0.015599109,<|zh|><|NEUTRAL|><|Speech|><|withitn|>昨日，当有人上到机器人大世界二楼的时候。
BAC009S0002W0308.wav,稳稳 地 将 将 稳稳 地 将 咖啡 递 到 客户 面前,稳稳地将将稳稳地将咖啡递到客户面前,稳稳的姜酱稳稳地将咖啡递到客户面前,17,17,3,0.176470588,5.257125,0.082983255,204.8606062,0.015784912,<|zh|><|NEUTRAL|><|Speech|><|withitn|>稳稳的姜酱。 <|zh|><|NEUTRAL|><|Speech|><|withitn|>稳稳地将咖啡递到客户面前。
BAC009S0002W0309.wav,主要 运用 在国 内 的 一些 餐厅 里,主要运用在国内的一些餐厅里,主要运用在国内的一些餐厅里,13,13,0,0,3.973,0.075821877,171.4544746,0.019084288,<|zh|><|NEUTRAL|><|Speech|><|withitn|>主要运用在国内的一些餐厅里。
BAC009S0002W0310.wav,据 机器 人 服务 员 的 生产 厂家 介绍,据机器人服务员的生产厂家介绍,据机器人服务员的生产厂家介绍,14,14,0,0,4.109,0.076296091,183.4956392,0.018568044,<|zh|><|NEUTRAL|><|Speech|><|withitn|>据机器人服务员的生产厂家介绍。
BAC009S0002W0311.wav,这样 的 一台 服务 型 机器 人 售价 约 五万 元 左右,这样的一台服务型机器人售价约五万元左右,这样的一台服务型机器人售价约万元左右,19,18,1,0.052631579,5.12,0.083681583,215.1010924,0.016344059,<|zh|><|NEUTRAL|><|Speech|><|withitn|>这样的一台服务型机器人售价约5万元左右。
BAC009S0002W0312.wav,只要 提前 设置 好 程序 规划 好 路线,只要提前设置好程序规划好路线,只要提前设置好程序规划好路线,14,14,0,0,5.383875,0.081010818,172.8164246,0.015046935,<|zh|><|NEUTRAL|><|Speech|><|withitn|>只要提前设置好程序，规划好路线。
BAC009S0002W0313.wav,机器 人 就会 来到 顾客 的 座位 前,机器人就会来到顾客的座位前,机器人就会来到顾客的座位前,13,13,0,0,4.057,0.078957081,164.6464112,0.019461938,<|zh|><|NEUTRAL|><|Speech|><|withitn|>机器人就会来到顾客的座位前。
BAC009S0002W0314.wav,顾客 只需 点 击 机器 人脸 部 的 显示 屏,顾客只需点击机器人脸部的显示屏,顾客只需点击机器人脸部的显示屏,15,15,0,0,5.605125,0.087044716,172.3252221,0.015529487,<|zh|><|NEUTRAL|><|Speech|><|withitn|>顾客只需点击机器人脸部的显示屏。
BAC009S0002W0315.wav,选好 自己 喜欢 的 饮料 品种,选好自己喜欢的饮料品种,选好自己喜欢的饮料品种,11,11,0,0,3.604,0.074832916,146.9941377,0.02076385,<|zh|><|NEUTRAL|><|Speech|><|withitn|>选好自己喜欢的饮料品种。
BAC009S0002W0316.wav,餐厅 的 制作 台 就会 实时 收 到 订单 消息,餐厅的制作台就会实时收到订单消息,餐厅的制作台就会实时收到订单消息,16,16,0,0,5.521,0.081212521,197.0139565,0.014709748,<|zh|><|NEUTRAL|><|Speech|><|withitn|>餐厅的制作台就会实时收到订单消息。
BAC009S0002W0317.wav,机器 人 会 自动 走 到 餐 台 拿 餐点,机器人会自动走到餐台拿餐点,机器人会自动走到餐台拿餐点,13,13,0,0,4.414875,0.077129841,168.5469574,0.017470447,<|zh|><|NEUTRAL|><|Speech|><|withitn|>机器人会自动走到餐台拿餐点。
BAC009S0002W0318.wav,再 折返 将 东西 送到 顾客 的 桌前,再折返将东西送到顾客的桌前,在折返将东西送到顾客的桌前,13,13,1,0.076923077,5.036,0.078808308,164.9572283,0.015648989,<|zh|><|NEUTRAL|><|Speech|><|withitn|>在折返将东西送到顾客的桌前。
BAC009S0002W0319.wav,看点 三 它们 是 国内 第 一 代 消防 机器 人,看点三它们是国内第一代消防机器人,看点他们是国内第一代消防机器人,16,15,2,0.125,5.1840625,0.083381414,179.8962048,0.016084184,<|zh|><|NEUTRAL|><|Speech|><|withitn|>看点3，他们是国内第一代消防机器人。
BAC009S0002W0320.wav,昨日 亮相 的 还有 国内 第 一 代 消防 机器 人,昨日亮相的还有国内第一代消防机器人,昨日亮相的还有国内第一代消防机器人,17,17,0,0,4.709125,0.078163862,217.4918116,0.016598383,<|zh|><|NEUTRAL|><|Speech|><|withitn|>昨日亮相的还有国内第一代消防机器人。
BAC009S0002W0321.wav,有效 保护 消防 员 的人 身 安全,有效保护消防员的人身安全,有效保护消防员的人身安全,12,12,0,0,3.677,0.075672626,158.5778181,0.020579991,<|zh|><|NEUTRAL|><|Speech|><|withitn|>有效保护消防员的人身安全。
BAC009S0002W0322.wav,消防 机器 人制 造 商 表示,消防机器人制造商表示,消防机器人制造商表示,10,10,0,0,4.004,0.078437567,127.4899313,0.019589802,<|zh|><|NEUTRAL|><|Speech|><|withitn|>消防机器人制造商表示。
BAC009S0002W0323.wav,在 人员 不 易 接近 的 火灾 扑救 等 领域,在人员不易接近的火灾扑救等领域,在人员不易接近的火灾扑救等领域,15,15,0,0,5.003875,0.085387707,175.6693155,0.017064317,<|zh|><|NEUTRAL|><|Speech|><|withitn|>在人员不易接近的火灾扑救等领域。
BAC009S0002W0324.wav,帮助 消防 员 及时 扑灭 火灾,帮助消防员及时扑灭火灾,帮助消防员及时扑灭火灾,11,11,0,0,3.571875,0.082623959,133.1332968,0.023131817,<|zh|><|NEUTRAL|><|Speech|><|withitn|>帮助消防员及时扑灭火灾。
BAC009S0002W0325.wav,看点 四 它 琴 棋 书画 样样 精,看点四它琴棋书画样样精,看点视他琴棋书画样样精,11,11,2,0.181818182,3.8559375,0.076267242,144.2296804,0.01977917,<|zh|><|NEUTRAL|><|Speech|><|withitn|>看点视，他琴棋书画，样样精。
BAC009S0002W0326.wav,很多 机器 人 都 能 下棋,很多机器人都能下棋,很多机器人都能下棋,9,9,0,0,3.1389375,0.072972775,123.3336688,0.023247604,<|zh|><|NEUTRAL|><|Speech|><|withitn|>很多机器人都能下棋。
BAC009S0002W0327.wav,现场 的 工作 人员 拿起 五子 棋 在 棋盘 上 放 下,现场的工作人员拿起五子棋在棋盘上放下,现场的工作人员拿起五子棋在棋盘上放下,18,18,0,0,4.973,0.078996897,227.8570519,0.015885159,<|zh|><|NEUTRAL|><|Speech|><|withitn|>现场的工作人员拿起五子棋在棋盘上放下。
BAC009S0002W0328.wav,机器 人 就能 用 灵敏 的 手 抓起 棋子,机器人就能用灵敏的手抓起棋子,机器人就能用灵敏的手抓起棋子,14,14,0,0,4.204,0.079138279,176.9055403,0.018824519,<|zh|><|NEUTRAL|><|Speech|><|withitn|>机器人就能用灵敏的手抓起棋子。
BAC009S0002W0329.wav,和 人 进行 对弈 比拼 棋艺,和人进行对弈比拼棋艺,和人进行对弈比拼其意,10,10,2,0.2,3.1289375,0.073396921,136.245497,0.023457458,<|zh|><|NEUTRAL|><|Speech|><|withitn|>和人进行对弈，比拼其意。
BAC009S0002W0330.wav,据 参展 单位 负责 人 介绍,据参展单位负责人介绍,据参展单位负责人介绍,10,10,0,0,3.15,0.072388172,138.1441153,0.022980372,<|zh|><|NEUTRAL|><|Speech|><|withitn|>据参展单位负责人介绍。
BAC009S0002W0331.wav,类似 的 五子 棋 机器 人,类似的五子棋机器人,类似的五子棋机器人,9,9,0,0,3.0550625,0.073683739,122.1436393,0.02411857,<|zh|><|NEUTRAL|><|Speech|><|withitn|>类似的五子棋机器人。
BAC009S0002W0332.wav,机器 人 都 被 提前 输入 五子 棋棋 谱 程序,机器人都被提前输入五子棋棋谱程序,机器人都被提前输入五子棋起步程序,16,16,2,0.125,6.1849375,0.093206167,171.6624605,0.015069864,<|zh|><|NEUTRAL|><|Speech|><|withitn|>机器人都被提前输入五子棋。 <|zh|><|NEUTRAL|><|Speech|><|withitn|>起步程序。
BAC009S0002W0333.wav,有兴 趣 的 市民 届时 可以 到 展位 前 和 机器 人 对弈 一 番,有兴趣的市民届时可以到展位前和机器人对弈一番,有兴趣的市民届时可以到展位前和机器人对弈一番,22,22,0,0,6.2380625,0.083209276,264.3935989,0.013338962,<|zh|><|NEUTRAL|><|Speech|><|withitn|>有兴趣的市民届时可以到展位前和机器人对弈一番。
BAC009S0002W0334.wav,看看 谁 的 棋艺 更加 精湛,看看谁的棋艺更加精湛,看看谁的棋艺更加精湛,10,10,0,0,3.098,0.07241869,138.0859007,0.023375949,<|zh|><|NEUTRAL|><|Speech|><|withitn|>看看谁的棋艺更加精湛。
BAC009S0002W0335.wav,它们 的 才艺 还 包括 绘画,它们的才艺还包括绘画,他们的才艺还包括绘画,10,10,1,0.1,3.0560625,0.072384357,138.1513956,0.023685496,<|zh|><|NEUTRAL|><|Speech|><|withitn|>他们的才艺还包括绘画。
BAC009S0002W0336.wav,市民 只需 拿起 手机 拍 下 照片,市民只需拿起手机拍下照片,市民只需拿起手机拍下照片,12,12,0,0,3.9720625,0.07734251,155.1540022,0.019471625,<|zh|><|NEUTRAL|><|Speech|><|withitn|>市民只需拿起手机拍下照片。
BAC009S0002W0337.wav,通过 无 线 蓝牙 传到 电脑 上,通过无线蓝牙传到电脑上,通过无线蓝牙传到电脑上,11,11,0,0,3.087,0.07473731,147.1821763,0.024210337,<|zh|><|NEUTRAL|><|Speech|><|withitn|>通过无线蓝牙传到电脑上。
BAC009S0002W0338.wav,杭州 成功 获得 二零二 二年 亚运 会 举办 权,杭州成功获得二零二二年亚运会举办权,杭州成功获得年亚运会举办权,17,13,4,0.235294118,5.152,0.079816818,162.8729419,0.015492395,<|zh|><|NEUTRAL|><|Speech|><|withitn|>杭州成功获得2022年亚运会举办权。
BAC009S0002W0339.wav,杭州 的 申办 工作 一路 走 得 胸 有成 竹,杭州的申办工作一路走得胸有成竹,杭州的申办工作一路走得胸有成竹,15,15,0,0,4.615,0.081297636,184.50721,0.017615956,<|zh|><|NEUTRAL|><|Speech|><|withitn|>杭州的申办工作一路走得胸有成竹。
BAC009S0002W0340.wav,杭州 正式 提出 申办 二零二 二年 第 十九 届 亚运 会,杭州正式提出申办二零二二年第十九届亚运会,杭州正式提出申办年第十九届亚运会,20,16,4,0.2,5.7209375,0.082248688,194.531979,0.014376785,<|zh|><|NEUTRAL|><|Speech|><|withitn|>杭州正式提出申办2022年第十九届亚运会。
BAC009S0002W0341.wav,便 为 这次 申办 展开 了 紧 锣 密 鼓 的 筹备 工作,便为这次申办展开了紧锣密鼓的筹备工作,便为这次申办展开了紧锣密鼓的筹备工作,18,18,0,0,4.4669375,0.078262806,229.9943094,0.017520461,<|zh|><|NEUTRAL|><|Speech|><|withitn|>便为这次申办展开了紧锣密鼓的筹备工作。
BAC009S0002W0342.wav,作为 浙江 省 省会 城市 的 杭州,作为浙江省省会城市的杭州,作为浙江省省会城市的杭州,12,12,0,0,4.088,0.082462788,145.5201837,0.020171915,<|zh|><|NEUTRAL|><|Speech|><|withitn|>作为浙江省省会城市的杭州。
BAC009S0002W0343.wav,杭州 奥体 中心 仅 与 西湖 区 一江 之 隔,杭州奥体中心仅与西湖区一江之隔,杭州奥体中心仅与西湖区一江之隔,15,15,0,0,4.6889375,0.077562094,193.3934384,0.016541507,<|zh|><|NEUTRAL|><|Speech|><|withitn|>杭州奥体中心仅与西湖区一江之隔。
BAC009S0002W0344.wav,即将 于 二零一 七年 交付 使用,即将于二零一七年交付使用,即将于年交付使用,12,8,4,0.333333333,4.13,0.08210969,97.43064464,0.019881281,<|zh|><|NEUTRAL|><|Speech|><|withitn|>即将于2017年交付使用。
BAC009S0002W0345.wav,包括 八万人 主体 育 场 游泳 馆 等,包括八万人主体育场游泳馆等,包括万人主体浴场游泳馆等,13,12,2,0.153846154,4.267125,0.076752901,156.3458818,0.017987029,<|zh|><|NEUTRAL|><|Speech|><|withitn|>包括8万人主体浴场、游泳馆等。
BAC009S0002W0346.wav,可 举办 全国 性 洲际 性 世界 性 的 体育 赛事,可举办全国性洲际性世界性的体育赛事,可举办全国性洲际性世界性的体育赛事,17,17,0,0,5.637125,0.081227303,209.2892349,0.014409349,<|zh|><|NEUTRAL|><|Speech|><|withitn|>可举办全国性、洲际性、世界性的体育赛事。
BAC009S0002W0347.wav,二零一 八 年 还 将 举办 第 十四 届 世界 短池 游泳 锦标 赛,二零一八年还将举办第十四届世界短池游泳锦标赛,年还将举办第十四届世界短池游泳锦标赛,22,18,4,0.181818182,7.0810625,0.086364269,208.4195253,0.012196513,<|zh|><|NEUTRAL|><|Speech|><|withitn|>2018年，还将举办第十四届世界短池游泳锦标赛。
BAC009S0002W0348.wav,为 杭州 概念 股 涨停 点 赞,为杭州概念股涨停点赞,为杭州概念股涨停点赞,10,10,0,0,3.741,0.075791359,131.9411624,0.020259652,<|zh|><|NEUTRAL|><|Speech|><|withitn|>为杭州概念股涨停点赞。
BAC009S0002W0349.wav,虽然 杭州 将 为 亚运 会 投入 多少 还 没 有 官方 声音 流出,虽然杭州将为亚运会投入多少还没有官方声音流出,虽然杭州将为亚运会投入多少还没有官方声音流出,22,22,0,0,8.292,0.100357533,219.2162307,0.012102934,<|zh|><|NEUTRAL|><|Speech|><|withitn|>虽然杭州将为亚运会投入多少，还没有官方声音流出。
BAC009S0002W0350.wav,总计 或 超越 五年 前 的 广州 亚运 会,总计或超越五年前的广州亚运会,总计或超越年前的广州亚运会,14,13,1,0.071428571,4.963,0.079963207,162.5747697,0.016111869,<|zh|><|NEUTRAL|><|Speech|><|withitn|>总计或超越5年前的广州亚运会。
BAC009S0002W0351.wav,达到 一千二百多 亿 人民 币,达到一千二百多亿人民币,达到多亿人民币,11,7,4,0.363636364,4.2890625,0.087659597,79.85434804,0.020437939,<|zh|><|NEUTRAL|><|Speech|><|withitn|>达到1200多亿人民币。
BAC009S0002W0352.wav,据 上海 证券 报 报道,据上海证券报报道,据上海证券报报道,8,8,0,0,3.74,0.085502148,93.56490121,0.022861537,<|zh|><|NEUTRAL|><|Speech|><|withitn|>据上海证券报报道。
BAC009S0002W0353.wav,八月 三十 日发 布 的 一 份 券商 研 报 指出,八月三十日发布的一份券商研报指出,月日发布的一份券商研报指出,16,13,3,0.1875,5.458,0.083714008,155.2906169,0.015337854,<|zh|><|NEUTRAL|><|Speech|><|withitn|>8月30日发布的一份券商研报指出。
BAC009S0002W0354.wav,对比 广州 投入 的 一千二百 亿元,对比广州投入的一千二百亿元,对比广州投入的亿元,13,9,4,0.307692308,4.4360625,0.082159042,109.5436332,0.018520713,<|zh|><|NEUTRAL|><|Speech|><|withitn|>对比广州投入的1200亿元。
BAC009S0002W0355.wav,预计 杭州 举办 亚运 会 的 投入 将 只 多 不 少,预计杭州举办亚运会的投入将只多不少,预计杭州举办亚运会的投入将只多不少,17,17,0,0,5.531,0.086612701,196.2760625,0.015659501,<|zh|><|NEUTRAL|><|Speech|><|withitn|>预计杭州举办亚运会的投入将只多不少。
BAC009S0002W0356.wav,围绕 亚运 会进 行 的 城市 改造 的 资金 投入,围绕亚运会进行的城市改造的资金投入,围绕亚运会进行的城市改造的资金投入,17,17,0,0,5.3619375,0.095835209,177.3878327,0.017873242,<|zh|><|NEUTRAL|><|Speech|><|withitn|>围绕亚运会进行的城市改造的资金投入。
BAC009S0002W0357.wav,除了 场馆 建设 维护 亚运 会 运行 资金 外,除了场馆建设维护亚运会运行资金外,除了场馆建设维护亚运会运行资金外,16,16,0,0,4.921,0.078870058,202.8653255,0.016027242,<|zh|><|NEUTRAL|><|Speech|><|withitn|>除了场馆建设，维护亚运会运行资金外。
BAC009S0002W0358.wav,主要 用于 城市 面貌 和 环境 改善,主要用于城市面貌和环境改善,主要用于城市面貌和环境改善,13,13,0,0,4.8360625,0.086412668,150.4409049,0.017868394,<|zh|><|NEUTRAL|><|Speech|><|withitn|>主要用于城市面貌和环境改善。
BAC009S0002W0359.wav,包括 地铁 建设 城市 道路 桥梁 和 基础 设施,包括地铁建设城市道路桥梁和基础设施,包括地铁建设城市道路桥梁和基础设施,17,17,0,0,5.532,0.081696987,208.086009,0.014768074,<|zh|><|NEUTRAL|><|Speech|><|withitn|>包括地铁建设城市道路、桥梁和基础设施。
BAC009S0002W0360.wav,以及 环境 综合 整治 工业 污水 治理 等 经费,以及环境综合整治工业污水治理等经费,以及环境综合整治工业污水治理等经费,17,17,0,0,6.6480625,0.084755182,200.5777056,0.012748855,<|zh|><|NEUTRAL|><|Speech|><|withitn|>以及环境综合整治、工业污水治理等经费。
BAC009S0002W0361.wav,这 一 系列 工程 和 项目 的 开展,这一系列工程和项目的开展,这一系列工程和项目的开展,12,12,0,0,3.3609375,0.074434996,161.2144919,0.022147093,<|zh|><|NEUTRAL|><|Speech|><|withitn|>这一系列工程和项目的开展。
BAC009S0002W0362.wav,有 望 首先 令杭 州 以及 浙江 当地 的 基建 上市 公司 获益,有望首先令杭州以及浙江当地的基建上市公司获益,有望首先令杭州以及浙江当地的基建上市公司获益,22,22,0,0,8.365,0.096528292,227.9124556,0.011539545,<|zh|><|NEUTRAL|><|Speech|><|withitn|>有望首先令杭州以及浙江当地的。 <|zh|><|NEUTRAL|><|Speech|><|withitn|>基建上市公司获益。
BAC009S0002W0363.wav,精工 钢构 亚 厦 股份 杭钢 股份 等值 得 关注,精工钢构亚厦股份杭钢股份等值得关注,精工钢构亚夏股份杭钢股份等值得关注,17,17,1,0.058823529,9.609,0.103826046,163.735408,0.010805083,<|zh|><|NEUTRAL|><|Speech|><|withitn|>精工钢构。 <|zh|><|NEUTRAL|><|Speech|><|withitn|>亚夏股份、杭钢股份等值得关注。
BAC009S0002W0364.wav,多 个 杭州 概念 股 已 用 逆市 涨停 来 点 赞,多个杭州概念股已用逆市涨停来点赞,多个杭州概念股已用逆势涨停来点赞,16,16,1,0.0625,6.016,0.088464975,180.8625384,0.014704949,<|zh|><|NEUTRAL|><|Speech|><|withitn|>多个杭州概念股已用逆势涨停来点赞。
BAC009S0002W0365.wav,杭州 申办 代表 团队 核心 成员 中,杭州申办代表团队核心成员中,杭州申办代表团队核心成员中,13,13,0,0,4.214,0.07662797,169.6508474,0.018184141,<|zh|><|NEUTRAL|><|Speech|><|withitn|>杭州申办代表团队核心成员中。
BAC009S0002W0366.wav,还有 杭州 企业 代表 阿里巴巴 集团 副总 裁 金建 杭,还有杭州企业代表阿里巴巴集团副总裁金建杭,还有杭州企业代表阿里巴巴集团副总裁金建航,20,20,1,0.05,7.722875,0.090131998,221.8967784,0.011670783,<|zh|><|NEUTRAL|><|Speech|><|withitn|>还有杭州企业代表、阿里巴巴集团副总裁金建航。
BAC009S0002W0367.wav,这 届 亚运 会来 到 阿里巴巴 总部,这届亚运会来到阿里巴巴总部,这届亚运会来到阿里巴巴总部,13,13,0,0,4.688,0.083642006,155.4242974,0.017841725,<|zh|><|NEUTRAL|><|Speech|><|withitn|>这届亚运会来到阿里巴巴总部。
BAC009S0002W0368.wav,不 办 一 届 淘宝 亚运 会 怎么 说 得 过去,不办一届淘宝亚运会怎么说得过去,不办一届淘宝亚运会怎么说的过去,15,15,1,0.066666667,4.1938125,0.076303005,196.5846556,0.018194186,<|zh|><|NEUTRAL|><|Speech|><|withitn|>不办一届淘宝亚运会，怎么说的过去？
BAC009S0002W0369.wav,作为 一 个 民营 经济 大 省,作为一个民营经济大省,作为一个民营经济大省,10,10,0,0,3.5190625,0.074361324,134.4785087,0.021131004,<|zh|><|NEUTRAL|><|Speech|><|withitn|>作为一个民营经济大省。
BAC009S0002W0370.wav,浙江 的 民营 企业 有 着 极 为 灵敏 的 商业 嗅觉,浙江的民营企业有着极为灵敏的商业嗅觉,浙江的民营企业有着极为灵敏的商业嗅觉,18,18,0,0,5.6369375,0.08076334,222.8733978,0.014327521,<|zh|><|NEUTRAL|><|Speech|><|withitn|>浙江的民营企业有着极为灵敏的商业嗅觉。
BAC009S0002W0371.wav,对于 处于 风口 的 体育 产业,对于处于风口的体育产业,对于处于风口的体育产业,11,11,0,0,4.646,0.077581167,141.7869877,0.016698486,<|zh|><|NEUTRAL|><|Speech|><|withitn|>对于处于风口的体育产业。
BAC009S0002W0372.wav,民间 资本 对其 空前 关注,民间资本对其空前关注,民间资本对其空前关注,10,10,0,0,3.4770625,0.07397151,135.1871823,0.021274139,<|zh|><|NEUTRAL|><|Speech|><|withitn|>民间资本对其空前关注。
BAC009S0002W0373.wav,阿里巴巴 集团 宣布 成立 阿里 体育 集团,阿里巴巴集团宣布成立阿里体育集团,阿里巴巴集团宣布成立阿里体育集团,16,16,0,0,5.584,0.080978632,197.5829871,0.014501904,<|zh|><|NEUTRAL|><|Speech|><|withitn|>阿里巴巴集团宣布成立阿里体育集团。
BAC009S0002W0374.wav,以 数字 经济 思维 创新 发展 体育 产业 链,以数字经济思维创新发展体育产业链,以数字经济思维创新发展体育产业链,16,16,0,0,4.993875,0.078423262,204.0210986,0.01570389,<|zh|><|NEUTRAL|><|Speech|><|withitn|>以数字经济思维创新发展体育产业链。
BAC009S0002W0376.wav,首次 为 体育 产业 设立 集团 公司,首次为体育产业设立集团公司,首次为体育产业设立集团公司,13,13,0,0,5.563,0.083579779,155.5400147,0.015024228,<|zh|><|NEUTRAL|><|Speech|><|withitn|>首次为体育产业设立。 <|zh|><|NEUTRAL|><|Speech|><|withitn|>集团公司。
BAC009S0002W0377.wav,亚运 会 无 疑 是 阿里 体育 发展 的 一 个 大平 台,亚运会无疑是阿里体育发展的一个大平台,亚运会无疑是阿里体育发展的一个大平台,18,18,0,0,5.573,0.080765486,222.8674765,0.014492282,<|zh|><|NEUTRAL|><|Speech|><|withitn|>亚运会无疑是阿里体育发展的一个大平台。
BAC009S0002W0378.wav,在仁 川亚 运 会 练 了 手,在仁川亚运会练了手,在仁川亚运会练了手,9,9,0,0,3.756125,0.08523798,105.5867351,0.022693063,<|zh|><|NEUTRAL|><|Speech|><|withitn|>在仁川亚运会练了手。
BAC009S0002W0379.wav,阿里 有 望 借助 亚运 会 布局,阿里有望借助亚运会布局,阿里有望借助亚运会布局,11,11,0,0,3.8769375,0.086694717,126.88201,0.022361649,<|zh|><|NEUTRAL|><|Speech|><|withitn|>阿里有望借助亚运会布局。
BAC009S0002W0380.wav,帮助 用户 将 后端 交易 体系 云 计算 大数 据 等 基础 设施,帮助用户将后端交易体系云计算大数据等基础设施,帮助用户将后端交易体系云计算大数据等基础设施,22,22,0,0,7.890875,0.117871761,186.6435163,0.01493773,<|zh|><|NEUTRAL|><|Speech|><|withitn|>帮助用户将后端交易体系、云计算大数据等基础设施。
BAC009S0002W0382.wav,二零二 二中 国 站 上体 育 风口,二零二二中国站上体育风口,中国站上体育风口,12,8,4,0.333333333,3.8461875,0.085047007,94.06562699,0.022112028,<|zh|><|NEUTRAL|><|Speech|><|withitn|>2022中国站上体育风口。
BAC009S0002W0383.wav,随着 亚运 会花 落 杭州,随着亚运会花落杭州,随着亚运会滑落杭州,9,9,1,0.111111111,3.4870625,0.074213028,121.2725076,0.021282391,<|zh|><|NEUTRAL|><|Speech|><|withitn|>随着亚运会滑落杭州。
BAC009S0002W0384.wav,中国 在 二零二 二年 将 站 在世 界 体育 的 风口,中国在二零二二年将站在世界体育的风口,中国在年将站在世界体育的风口,18,14,4,0.222222222,6.427,0.089344263,156.6972463,0.013901395,<|zh|><|NEUTRAL|><|Speech|><|withitn|>中国在2022年将站在世界体育的风口。
BAC009S0002W0385.wav,杭州 届时 能否 顺利 起飞,杭州届时能否顺利起飞,杭州届时能否顺利起飞,10,10,0,0,3.191875,0.072698593,137.5542437,0.02277614,<|zh|><|NEUTRAL|><|Speech|><|withitn|>杭州届时能否顺利起飞？
BAC009S0002W0386.wav,两大 综合 性 体育 赛事 花 落 中国,两大综合性体育赛事花落中国,两大综合性体育赛事划落中国,13,13,1,0.076923077,4.182875,0.081425428,159.6552853,0.019466379,<|zh|><|NEUTRAL|><|Speech|><|withitn|>两大综合性体育赛事划落中国。
BAC009S0002W0387.wav,两大 首尾 呼应 的 盛会 都 有 其 特殊 意义,两大首尾呼应的盛会都有其特殊意义,两大首尾呼应的盛会都有其特殊意义,16,16,0,0,5.29,0.08006978,199.8257012,0.015136064,<|zh|><|NEUTRAL|><|Speech|><|withitn|>两大首尾呼应的盛会都有其特殊意义。
BAC009S0002W0388.wav,浙江 省 体育 局 经济 处 主任 王 正 璋 说,浙江省体育局经济处主任王正璋说,浙江省体育局经济处主任王正章说,15,15,1,0.066666667,6.3110625,0.085630417,175.1713999,0.013568304,<|zh|><|NEUTRAL|><|Speech|><|withitn|>浙江省体育局经济处主任王正章说。
BAC009S0002W0389.wav,体育 产业 总 规模 目标 要 超过 五千亿 元,体育产业总规模目标要超过五千亿元,体育产业总规模目标要超过亿元,16,14,2,0.125,4.9311875,0.080173016,174.6223451,0.016258359,<|zh|><|NEUTRAL|><|Speech|><|withitn|>体育产业总规模目标要超过5000亿元。
BAC009S0002W0390.wav,这 意味 着 八百亿 的 增量,这意味着八百亿的增量,这意味着亿的增量,10,8,2,0.2,3.3930625,0.073769569,108.4458004,0.021741294,<|zh|><|NEUTRAL|><|Speech|><|withitn|>这意味着800亿的增量。
BAC009S0002W0391.wav,亚运 会来 了 世界 杯 何时 来,亚运会来了世界杯何时来,亚运会来了世界杯何时来,11,11,0,0,3.9089375,0.078460455,140.1980145,0.020072067,<|zh|><|NEUTRAL|><|Speech|><|withitn|>亚运会来了，世界杯何时来？
BAC009S0002W0392.wav,更 令人 瞩目 的 足球 世界 杯 何时 能 落户 中国,更令人瞩目的足球世界杯何时能落户中国,更令人瞩目的足球世界杯何时能落户中国,18,18,0,0,5.7939375,0.082212448,218.9449458,0.014189392,<|zh|><|NEUTRAL|><|Speech|><|withitn|>更令人瞩目的足球世界杯何时能落户中国？
BAC009S0002W0393.wav,也是 体育 迷 关心 的 问题,也是体育迷关心的问题,也是体育迷关心的问题,10,10,0,0,3.0339375,0.078151703,127.9562649,0.025759167,<|zh|><|NEUTRAL|><|Speech|><|withitn|>也是体育迷关心的问题。
BAC009S0002W0395.wav,在 卡塔尔 二零二 二年 举办 世界 杯 后,在卡塔尔二零二二年举办世界杯后,在卡塔尔年举办世界杯后,15,11,4,0.266666667,4.4040625,0.0779109,141.1869197,0.017690689,<|zh|><|NEUTRAL|><|Speech|><|withitn|>在卡塔尔2022年举办世界杯后。
BAC009S0002W0396.wav,中国 最 早 也 将 等到 二零三 四年 才能 申办,中国最早也将等到二零三四年才能申办,中国最早也将等到年才能申办,17,13,4,0.235294118,5.489,0.083280563,156.098848,0.015172265,<|zh|><|NEUTRAL|><|Speech|><|withitn|>中国最早也将等到2034年才能申办。
BAC009S0002W0397.wav,在 非洲 举办 过世 界 杯 后,在非洲举办过世界杯后,在非洲举办过世界杯后,10,10,0,0,3.625,0.076051235,131.4903035,0.020979651,<|zh|><|NEUTRAL|><|Speech|><|withitn|>在非洲举办过世界杯后。
BAC009S0002W0398.wav,国际 足联 也 一直 都 在 关注,国际足联也一直都在关注,国际足联也一直都在关注,11,11,0,0,3.9509375,0.082413435,133.4733833,0.02085921,<|zh|><|NEUTRAL|><|Speech|><|withitn|>国际足联也一直都在关注。
BAC009S0002W0400.wav,二零三 四 将 是 中国 的 最 佳 时机,二零三四将是中国的最佳时机,将是中国的最佳时机,13,9,4,0.307692308,3.9821875,0.085976362,104.6799349,0.021590235,<|zh|><|NEUTRAL|><|Speech|><|withitn|>2034将是中国的最佳时机。
BAC009S0002W0401.wav,但 中国 民间 声音 虽 大,但中国民间声音虽大,但中国民间声音虽大,9,9,0,0,3.0239375,0.078207731,115.0781369,0.02586288,<|zh|><|NEUTRAL|><|Speech|><|withitn|>但中国民间声音虽大。
BAC009S0002W0402.wav,过去 却 尚未 有 过 正式 的 书面 申请,过去却尚未有过正式的书面申请,过去却尚未有过正式的书面申请,14,14,0,0,4.52,0.077877283,179.7700105,0.017229487,<|zh|><|NEUTRAL|><|Speech|><|withitn|>过去却尚未有过正式的书面申请。
BAC009S0002W0403.wav,政府 也 没 有 过 明确 表示,政府也没有过明确表示,政府也没有过明确表示,10,10,0,0,4.035875,0.086135149,116.0966239,0.021342373,<|zh|><|NEUTRAL|><|Speech|><|withitn|>政府也没有过明确。 <|zh|><|NEUTRAL|><|Speech|><|withitn|>表示。
BAC009S0002W0404.wav,直 直 盯 着 前方,直直盯着前方,直直盯着前方,6,6,0,0,3.0969375,0.075876951,79.07539646,0.02450064,<|zh|><|NEUTRAL|><|Speech|><|withitn|>直直盯着前方。
BAC009S0002W0405.wav,海报 最 有 创意 的 地方,海报最有创意的地方,海报最有创意的地方,9,9,0,0,3.234875,0.075119257,119.8094918,0.023221688,<|zh|><|NEUTRAL|><|Speech|><|withitn|>海报最有创意的地方。
BAC009S0002W0406.wav,还是 他 的 领带,还是他的领带,还是他的领带,6,6,0,0,2.243875,0.071840763,83.51804382,0.032016384,<|zh|><|NEUTRAL|><|Speech|><|withitn|>还是他的领带。
BAC009S0002W0407.wav,这 条 领带 的 另 一端 变成 了 导火索,这条领带的另一端变成了导火索,这条领带的另一端变成了导火索,14,14,0,0,4.0139375,0.08177042,171.2110564,0.020371623,<|zh|><|NEUTRAL|><|Speech|><|withitn|>这条领带的另一端变成了导火索。
BAC009S0002W0408.wav,过去 关 咏荷 为了 女儿 息影,过去关咏荷为了女儿息影,过去关永和为了女儿吸颖,11,11,4,0.363636364,4.667,0.083137512,132.3109113,0.017813909,<|zh|><|NEUTRAL|><|Speech|><|withitn|>过去，关永和为了女儿吸颖。
BAC009S0002W0409.wav,如今 虽然 复出 但 还是 以 家庭 为重,如今虽然复出但还是以家庭为重,如今虽然付出但还是以家庭为重,14,14,1,0.071428571,4.3620625,0.077250957,181.2275272,0.017709732,<|zh|><|NEUTRAL|><|Speech|><|withitn|>如今虽然付出，但还是以家庭为重。
BAC009S0002W0410.wav,搜狐 娱乐 讯 据 香港 媒体 报道,搜狐娱乐讯据香港媒体报道,搜狐娱乐讯据香港媒体报道,12,12,0,0,5.910875,0.085990191,139.5508014,0.014547794,<|zh|><|NEUTRAL|><|Speech|><|withitn|>搜狐娱乐讯。 <|zh|><|NEUTRAL|><|Speech|><|withitn|>据香港媒体报道。
BAC009S0002W0411.wav,关 咏荷 日前 出席 护 眼 活动,关咏荷日前出席护眼活动,关永和日前出席护演活动,11,11,3,0.272727273,3.4128125,0.083300352,132.052263,0.024408124,<|zh|><|NEUTRAL|><|Speech|><|withitn|>关永和日前出席护演活动。
BAC009S0002W0412.wav,她 透露 日前 以 大使 身份 到 四川 探访 眼疾 病童 四 日,她透露日前以大使身份到四川探访眼疾病童四日,他透露日前以大使身份到四川探方眼疾病同四日,21,21,3,0.142857143,9.0610625,0.107167959,195.9540907,0.011827306,<|zh|><|NEUTRAL|><|Speech|><|withitn|>他透露，日前以大使身份到四川。 <|zh|><|NEUTRAL|><|Speech|><|withitn|>探方。 <|zh|><|NEUTRAL|><|Speech|><|withitn|>眼疾病同四日。
BAC009S0002W0414.wav,关 咏荷 自 曝 曾 打算 带 女儿 同行 女儿 这么 大 了,关咏荷自曝曾打算带女儿同行女儿这么大了,关勇和自曝曾打算带女儿同行女儿这么大了,19,19,2,0.105263158,5.7519375,0.083316088,228.0471938,0.014484874,<|zh|><|NEUTRAL|><|Speech|><|withitn|>关勇和自曝曾打算带女儿同行，女儿这么大了。
BAC009S0002W0415.wav,我有 想过 带 她 去,我有想过带她去,我有想过带他去,7,7,1,0.142857143,2.338875,0.074124575,94.43561777,0.031692405,<|zh|><|NEUTRAL|><|Speech|><|withitn|>我有想过带他去。
BAC009S0002W0416.wav,但 她 应该 还 没 准备 好,但她应该还没准备好,但他应该还没准备好,9,9,1,0.111111111,2.749,0.075699806,118.890661,0.027537216,<|zh|><|NEUTRAL|><|Speech|><|withitn|>但他应该还没准备好。
BAC009S0002W0417.wav,关 咏荷 还 称 在 当地 要 野外 如厕,关咏荷还称在当地要野外如厕,关永和还称在当地要野外入厕,13,13,3,0.230769231,4.214125,0.083438396,155.8035695,0.019799697,<|zh|><|NEUTRAL|><|Speech|><|withitn|>关永和还称，在当地要野外入厕。
BAC009S0002W0418.wav,更 被 昆虫 吓 到 傻 了 环境 好 震撼,更被昆虫吓到傻了环境好震撼,更被昆虫吓到傻了环境好震撼,13,13,0,0,5.3100625,0.084555149,153.7458114,0.015923569,<|zh|><|NEUTRAL|><|Speech|><|withitn|>更被昆虫吓到傻了，环境好震撼。
BAC009S0002W0419.wav,自己 以往 拍剧 对于 野外 如厕 都 习惯 了,自己以往拍剧对于野外如厕都习惯了,自己以往拍剧对于野外入厕都习惯了,16,16,1,0.0625,4.984125,0.079218626,201.9727027,0.015894189,<|zh|><|NEUTRAL|><|Speech|><|withitn|>自己以往拍剧对于野外入厕都习惯了。
BAC009S0002W0420.wav,但 却 被 这次 路途 中加 油 站 的 厕所 吓 到,但却被这次路途中加油站的厕所吓到,但却被这次路途中加油站的厕所吓到,16,16,0,0,4.213875,0.089905024,177.9655837,0.021335475,<|zh|><|NEUTRAL|><|Speech|><|withitn|>但却被这次路途中加油站的厕所吓到。
BAC009S0002W0421.wav,因为 布满 了 昆虫,因为布满了昆虫,因为布满了昆虫,7,7,0,0,2.233875,0.071184158,98.33648616,0.031865775,<|zh|><|NEUTRAL|><|Speech|><|withitn|>因为布满了昆虫。
BAC009S0002W0422.wav,如果 带 女儿 去 可能 吓死 她,如果带女儿去可能吓死她,如果带女儿去可能吓死她,11,11,0,0,3.0339375,0.074320555,148.0075067,0.024496403,<|zh|><|NEUTRAL|><|Speech|><|withitn|>如果带女儿去，可能吓死她。
BAC009S0002W0423.wav,黄 毅清 见 女儿 后首 度 感谢 黄奕 娱乐 频道,黄毅清见女儿后首度感谢黄奕娱乐频道,黄益清见女儿后首度感谢黄奕娱乐频道,17,17,1,0.058823529,5.7839375,0.084523201,201.1282086,0.014613436,<|zh|><|NEUTRAL|><|Speech|><|withitn|>黄益清见女儿后，首度感谢黄奕娱乐频道。
BAC009S0002W0424.wav,黄奕 前夫 黄 毅清 将 出书 记录 与 女儿 的 成长 故事,黄奕前夫黄毅清将出书记录与女儿的成长故事,黄义前夫黄义琴将出书记录与女儿的成长故事,20,20,3,0.15,6.333,0.085441589,234.0780427,0.013491487,<|zh|><|NEUTRAL|><|Speech|><|withitn|>黄义前夫黄义琴将出书记录与女儿的成长故事。
BAC009S0002W0425.wav,搜狐 娱乐 讯 九月 十六 日 消息,搜狐娱乐讯九月十六日消息,搜狐娱乐讯月日消息,12,9,3,0.25,3.80325,0.079761744,112.836049,0.020971996,<|zh|><|NEUTRAL|><|Speech|><|withitn|>搜狐娱乐讯9月16日消息。
BAC009S0002W0426.wav,据 台湾 媒体 报道,据台湾媒体报道,据台湾媒体报道,7,7,0,0,3.202875,0.074102879,94.46326695,0.023136363,<|zh|><|NEUTRAL|><|Speech|><|withitn|>据台湾媒体报道。
BAC009S0002W0427.wav,三十九 岁 的 关颖 女儿 已 三 个 多 月 大,三十九岁的关颖女儿已三个多月大,岁的观影女儿已个多月大,15,11,6,0.4,4.562,0.083429813,131.8473523,0.018287991,<|zh|><|NEUTRAL|><|Speech|><|withitn|>39岁的观影女儿已3个多月大。
BAC009S0002W0428.wav,女儿 直挺挺 地 被 她 抱 着,女儿直挺挺地被她抱着,女儿直挺挺地被她抱着,10,10,0,0,3.214125,0.075880527,131.786116,0.023608456,<|zh|><|NEUTRAL|><|Speech|><|withitn|>女儿直挺挺地被她抱着。
BAC009S0002W0429.wav,肉肉 身材 可爱 爆 表,肉肉身材可爱爆表,肉肉身材可爱爆表,8,8,0,0,3.7619375,0.075484514,105.9820028,0.020065329,<|zh|><|NEUTRAL|><|Speech|><|withitn|>肉肉身材可爱爆表。
BAC009S0002W0430.wav,中新 网 六月 二 日电 据 台湾 中国 时报 即时 消息,中新网六月二日电据台湾中国时报即时消息,中新网月日电据台湾中国时报纪时消息,19,17,3,0.157894737,6.879875,0.09173584,185.3147039,0.01333394,<|zh|><|NEUTRAL|><|Speech|><|withitn|>中新网6月2日。 <|zh|><|NEUTRAL|><|Speech|><|withitn|>电据台湾中国时报纪时消息。
BAC009S0002W0431.wav,西夏 区 农科所 小学 门口 发生 一 起 交通 事故,西夏区农科所小学门口发生一起交通事故,西夏区农科所小学门口发生一起交通事故,18,18,0,0,6.1840625,0.092401266,194.8025256,0.014941839,<|zh|><|NEUTRAL|><|Speech|><|withitn|>西夏区农科所小学门口发生一起交通事故。
BAC009S0002W0432.wav,一辆 无 牌照 的 二轮 摩托 车 与 一名 五 岁 小孩 发生 碰撞,一辆无牌照的二轮摩托车与一名五岁小孩发生碰撞,一辆无牌照的二轮摩托与一名岁小孩发生碰撞,22,20,2,0.090909091,6.900875,0.099423885,201.1589059,0.014407432,<|zh|><|NEUTRAL|><|Speech|><|withitn|>一辆无牌照的二轮摩托与一名5岁小孩发生碰撞。
BAC009S0002W0433.wav,孩子 被 送往 医院 抢救 无 效 后 死亡,孩子被送往医院抢救无效后死亡,孩子被送往医院抢救无效后死亡,14,14,0,0,4.45675,0.078171253,179.093969,0.017539968,<|zh|><|NEUTRAL|><|Speech|><|withitn|>孩子被送往医院抢救无效后死亡。
BAC009S0002W0434.wav,事故 原因 正在 进一步 调查 之 中,事故原因正在进一步调查之中,事故原因正在进一步调查之中,13,13,0,0,3.8559375,0.076243639,170.5060274,0.019773048,<|zh|><|NEUTRAL|><|Speech|><|withitn|>事故原因正在进一步调查之中。
BAC009S0002W0435.wav,五 岁 智障 儿 走失 三百 天母 亲 曾 放弃 寻找 悔恨 不 已,五岁智障儿走失三百天母亲曾放弃寻找悔恨不已,岁智障儿走失天母亲曾放弃寻找悔恨不已,21,18,3,0.142857143,8.3769375,0.098183632,183.3299467,0.011720707,<|zh|><|NEUTRAL|><|Speech|><|withitn|>5岁智障儿。 <|zh|><|NEUTRAL|><|Speech|><|withitn|>走失300天，母亲曾放弃寻找，悔恨不已。
BAC009S0002W0436.wav,五 岁 男孩 下身 被 烧伤 称 玩伴 拿 油 汽 淋 他 并 点燃 裤子,五岁男孩下身被烧伤称玩伴拿油汽淋他并点燃裤子,岁男孩下身被烧伤称完伴拿油漆淋他并点燃裤子,22,21,3,0.136363636,6.459,0.08783865,239.0747132,0.013599419,<|zh|><|NEUTRAL|><|Speech|><|withitn|>5岁男孩下身被烧伤，称完伴拿油漆淋他并点燃裤子。
BAC009S0002W0437.wav,五 岁 男孩 下身 被 烧伤,五岁男孩下身被烧伤,岁男孩下身被烧伤,9,8,1,0.111111111,3.150875,0.073692799,108.5587758,0.023388043,<|zh|><|NEUTRAL|><|Speech|><|withitn|>5岁男孩下身被烧伤。
BAC009S0002W0438.wav,警方 在 事发 现场 进行 调查 取证 照片 来自 网络,警方在事发现场进行调查取证照片来自网络,警方在事发现场进行调查取证照片来自网络,19,19,0,0,5.8159375,0.082674742,229.8162607,0.014215205,<|zh|><|NEUTRAL|><|Speech|><|withitn|>警方在事发现场进行调查，取证照片来自网络。
BAC009S0002W0439.wav,五 岁 男孩 患 白血 病 扛 过 十三 次 化疗 期待 早点 上学,五岁男孩患白血病扛过十三次化疗期待早点上学,岁男孩患白血病扛过次化疗期待早点上学,21,18,3,0.142857143,7.437,0.089176893,201.8460091,0.011990977,<|zh|><|NEUTRAL|><|Speech|><|withitn|>5岁男孩患白血病，扛过13次化疗，期待早点上学。
BAC009S0002W0440.wav,记者 蔡 君彦 许 文 俊 摄影 本报 讯 我想 上学,记者蔡君彦许文俊摄影本报讯我想上学,记者蔡俊燕许文俊摄影本报讯我想上学,17,17,2,0.117647059,6.996125,0.100830793,168.5992883,0.014412377,<|zh|><|NEUTRAL|><|Speech|><|withitn|>记者蔡俊燕、许文俊摄影本报讯，我想上学。
BAC009S0002W0441.wav,一 脸 不 情愿 地埋 怨 道,一脸不情愿地埋怨道,一脸不情愿地埋怨道,9,9,0,0,3.298125,0.080348253,112.0123915,0.024361797,<|zh|><|NEUTRAL|><|Speech|><|withitn|>一脸不情愿地埋怨道。
BAC009S0002W0442.wav,妈妈 崔 女士 强 装 笑脸 安慰 他,妈妈崔女士强装笑脸安慰他,妈妈催你事强装笑脸安慰他,12,12,3,0.25,5.711875,0.086317301,139.0219561,0.015111903,<|zh|><|NEUTRAL|><|Speech|><|withitn|>妈妈催你事。 <|zh|><|NEUTRAL|><|Speech|><|withitn|>强装笑脸安慰他。
BAC009S0002W0443.wav,走出 病房 后 却 忍 不 住 哗哗 的 眼泪,走出病房后却忍不住哗哗的眼泪,走出病房后却忍不住哗哗的眼泪,14,14,0,0,4.5949375,0.084734917,165.2211455,0.018440929,<|zh|><|NEUTRAL|><|Speech|><|withitn|>走出病房后，却忍不住哗哗的眼泪。
BAC009S0002W0444.wav,孩子 患 白血 病 三年 多来,孩子患白血病三年多来,孩子患白血病三年多来,10,10,0,0,4.843,0.087296009,114.552774,0.018025193,<|zh|><|NEUTRAL|><|Speech|><|withitn|>孩子患白血病三年多来。
BAC009S0002W0445.wav,她 原本 盼 着 孩子 恢复 后 今秋 能顺 利 入学,她原本盼着孩子恢复后今秋能顺利入学,她原本盼着孩子恢复后金秋能顺利入学,17,17,1,0.058823529,6.7060625,0.091638803,185.5109337,0.013665069,<|zh|><|NEUTRAL|><|Speech|><|withitn|>她原本盼着孩子恢复后，金秋能顺利入学。
BAC009S0002W0446.wav,没 想到 却 等 来 了 病情 复发 的 消息,没想到却等来了病情复发的消息,没想到却等来了病情复发的消息,14,14,0,0,5.7951875,0.083741426,167.1812935,0.014450167,<|zh|><|NEUTRAL|><|Speech|><|withitn|>没想到却等来了病情复发的消息。
BAC009S0002W0447.wav,五 岁 男孩 背负 宝剑 负气 出走 因 祖母 逗 了 他 一句,五岁男孩背负宝剑负气出走因祖母逗了他一句,岁男孩背负宝剑负气出走因祖母逗了他一句,20,19,1,0.05,7.603,0.091483593,207.687514,0.012032565,<|zh|><|NEUTRAL|><|Speech|><|withitn|>5岁男孩背负宝剑，负气出走，因祖母逗了他一句。
BAC009S0002W0448.wav,本报 记者 陈 雷 本报 通讯 员 周 德峰,本报记者陈雷本报通讯员周德峰,本报记者陈雷本报通讯员周德峰,14,14,0,0,7.505875,0.105306387,132.9454025,0.014029862,<|zh|><|NEUTRAL|><|Speech|><|withitn|>本报记者陈雷。 <|zh|><|NEUTRAL|><|Speech|><|withitn|>本报通讯员周德峰。
BAC009S0002W0449.wav,五 岁 男童 从 八楼 坠 下 砸 到 楼 下 轿车,五岁男童从八楼坠下砸到楼下轿车,岁男童从楼坠下砸到楼下叫车,15,13,3,0.2,5.657,0.085963011,151.2278349,0.015195865,<|zh|><|NEUTRAL|><|Speech|><|withitn|>5岁男童从8楼坠下，砸到楼下叫车。
BAC009S0002W0450.wav,男童 坠 下 时 先 砸 到 了 这 辆 车,男童坠下时先砸到了这辆车,南从坠下时先砸到了这辆车,12,12,2,0.166666667,4.7050625,0.078479528,152.9061176,0.016679806,<|zh|><|NEUTRAL|><|Speech|><|withitn|>南从坠下时先砸到了这辆车。
BAC009S0002W0451.wav,五 岁 男童 出门 玩耍 掉入 排污 管道 溺亡,五岁男童出门玩耍掉入排污管道溺亡,岁男童出门玩耍掉入排污管道溺网,16,15,2,0.125,6.264875,0.087860584,170.7250199,0.014024316,<|zh|><|NEUTRAL|><|Speech|><|withitn|>5岁男童出门玩耍。 <|zh|><|NEUTRAL|><|Speech|><|withitn|>掉入排污管道溺网。
BAC009S0002W0452.wav,据说 孩子 是 在 这 附近 不 见 的,据说孩子是在这附近不见的,据说孩子是在这附近不见的,12,12,0,0,3.724875,0.077939272,153.9660264,0.020923997,<|zh|><|NEUTRAL|><|Speech|><|withitn|>据说孩子是在这附近不见的。
BAC009S0002W0453.wav,五 岁 男童 医院 看 牙 两小 时 后身 亡,五岁男童医院看牙两小时后身亡,岁男童医院看牙小时后身亡,14,12,2,0.142857143,4.8290625,0.079385519,151.16107,0.016439116,<|zh|><|NEUTRAL|><|Speech|><|withitn|>5岁男童医院看牙2小时后身亡。
BAC009S0002W0454.wav,鹏鹏 的 家人 再次 来到 医院,鹏鹏的家人再次来到医院,彭鹏的家人再次来到医院,11,11,1,0.090909091,3.781,0.079728365,137.9684634,0.021086582,<|zh|><|NEUTRAL|><|Speech|><|withitn|>彭鹏的家人再次来到医院。
BAC009S0002W0455.wav,与 院方 协商 赔偿 问题,与院方协商赔偿问题,与院方协商赔偿问题,9,9,0,0,3.697,0.083555698,107.7125818,0.022600946,<|zh|><|NEUTRAL|><|Speech|><|withitn|>与院方协商赔偿问题。
BAC009S0002W0456.wav,妈妈 带 着 鹏鹏 前往 顺义 区 首儿 李 娇 儿童 医院 口腔 科 看病,妈妈带着鹏鹏前往顺义区首儿李娇儿童医院口腔科看病,妈妈带着鹏鹏前往顺义区首儿理交儿童医院口腔科看病,24,24,2,0.083333333,9.01,0.093728065,256.0599099,0.010402671,<|zh|><|NEUTRAL|><|Speech|><|withitn|>妈妈带着鹏鹏前往顺义区首儿理交儿童医院口腔科看病。
BAC009S0002W0457.wav,本 以为 只是 一 次普 通 换药,本以为只是一次普通换药,本以为支持一次普通换药,11,11,2,0.181818182,4.0698125,0.076659203,143.4922309,0.018836053,<|zh|><|NEUTRAL|><|Speech|><|withitn|>本以为支持一次普通换药。
BAC009S0002W0458.wav,没 想到 鹏鹏 竟 在 治疗 中意 外 身亡,没想到鹏鹏竟在治疗中意外身亡,没想到鹏鹏竟然在治疗中意外身亡,14,15,1,0.071428571,4.6779375,0.079265594,189.2372106,0.01694456,<|zh|><|NEUTRAL|><|Speech|><|withitn|>没想到鹏鹏竟然在治疗中意外身亡。
BAC009S0002W0459.wav,五 岁 男童 台风 天 失踪 三天 后 找到 可惜 已 命丧 溪流,五岁男童台风天失踪三天后找到可惜已命丧溪流,岁男童台风天失踪三天后找到可惜已命丧溪流,21,20,1,0.047619048,7.5339375,0.095932007,208.4809925,0.012733316,<|zh|><|NEUTRAL|><|Speech|><|withitn|>5岁男童台风天失踪，三天后找到可惜已命丧溪流。
BAC009S0002W0460.wav,从 八月 九 日 十九 时 到 八月 十二 日 上午 十时,从八月九日十九时到八月十二日上午十时,从月日时到月日上午时,18,10,8,0.444444444,5.6440625,0.086363077,115.7902234,0.015301581,<|zh|><|NEUTRAL|><|Speech|><|withitn|>从8月9日19时到8月12日上午10时。
BAC009S0002W0461.wav,小叮 当 失 联 整整 六十三 个 小时,小叮当失联整整六十三个小时,小叮当失联整整个小时,13,10,3,0.230769231,4.0288125,0.078791857,126.9166689,0.019557092,<|zh|><|NEUTRAL|><|Speech|><|withitn|>小叮当失联整整63个小时。
BAC009S0002W0462.wav,小叮 当 的 父母 亲友,小叮当的父母亲友,小叮当的父母亲友,8,8,0,0,3.145,0.073818922,108.3732975,0.023471835,<|zh|><|NEUTRAL|><|Speech|><|withitn|>小叮当的父母亲友。
BAC009S0002W0463.wav,没 有 一 个人 不 希望 孩子 能平 安 回家,没有一个人不希望孩子能平安回家,没有一个人不希望孩子能平安回家,15,15,0,0,4.566875,0.07841754,191.2837367,0.017170941,<|zh|><|NEUTRAL|><|Speech|><|withitn|>没有一个人不希望孩子能平安回家。
BAC009S0002W0464.wav,但是 不幸 最终 还是 发生 了,但是不幸最终还是发生了,但是不幸最终还是发生了,11,11,0,0,3.4079375,0.073515415,149.6284823,0.02157182,<|zh|><|NEUTRAL|><|Speech|><|withitn|>但是不幸最终还是发生了。
BAC009S0002W0465.wav,台州 仙居 警方 在 当地 一处 溪流 里 找到 一 具 男童 尸体,台州仙居警方在当地一处溪流里找到一具男童尸体,台州仙居警方在当地一处溪流里找到一具男童尸体,22,22,0,0,7.4099375,0.087620974,251.0814375,0.011824793,<|zh|><|NEUTRAL|><|Speech|><|withitn|>台州仙居警方在当地一处溪流里找到一具男童尸体。
BAC009S0002W0466.wav,五 岁 男童 在 幼儿 园内 摔 成 九级 伤残 院方 选择 沉默,五岁男童在幼儿园内摔成九级伤残院方选择沉默,岁男童在幼儿园内摔成级伤残院方选择沉默,21,19,2,0.095238095,6.703875,0.092262506,205.9341408,0.013762564,<|zh|><|NEUTRAL|><|Speech|><|withitn|>5岁男童在幼儿园内摔成9级伤残，院方选择沉默。
BAC009S0002W0467.wav,新文 化 讯 记者 王 跃如 果 时间 能够 倒流,新文化讯记者王跃如果时间能够倒流,新闻华讯记者王悦如果时间能够倒流,16,16,3,0.1875,5.2519375,0.084136009,190.1682781,0.016019994,<|zh|><|NEUTRAL|><|Speech|><|withitn|>新闻华讯记者王悦，如果时间能够倒流。
BAC009S0002W0468.wav,我 宁可 把 孩子 留在 身边 照顾,我宁可把孩子留在身边照顾,我宁可把孩子留在身边照顾,12,12,0,0,4.077125,0.085488558,140.3696624,0.020967853,<|zh|><|NEUTRAL|><|Speech|><|withitn|>我宁可把孩子留在身边照顾。
BAC009S0002W0469.wav,不 送 去 幼儿 园 看着 左臂 依旧 缠 着 绷带,不送去幼儿园看着左臂依旧缠着绷带,不送去幼儿园看着左臂依旧缠着绷带,16,16,0,0,5.714125,0.090407848,176.9757857,0.015821818,<|zh|><|NEUTRAL|><|Speech|><|withitn|>不送去幼儿园。 <|zh|><|NEUTRAL|><|Speech|><|withitn|>看着左臂依旧缠着绷带。
BAC009S0002W0470.wav,医疗 鉴定 结果 为 九级 伤残 的 宝贝 儿子,医疗鉴定结果为九级伤残的宝贝儿子,医疗鉴定结果为级伤残的宝贝儿子,16,15,1,0.0625,4.495125,0.084364414,177.8000848,0.01876798,<|zh|><|NEUTRAL|><|Speech|><|withitn|>医疗鉴定结果为9级伤残的宝贝儿子。
BAC009S0002W0471.wav,林 女士 心中 痛悔 莫名 幼儿 园里 男童 左臂 摔 骨折,林女士心中痛悔莫名幼儿园里男童左臂摔骨折,林女士心中痛悔莫名幼儿园里男童左臂摔骨折,20,20,0,0,7.7309375,0.102014542,196.0504814,0.013195624,<|zh|><|NEUTRAL|><|Speech|><|withitn|>林女士心中痛悔，莫名幼儿园里男童左臂摔骨折。
BAC009S0002W0472.wav,五 岁 男童 家门 口 玩耍 时 失踪 疑 被 陌生 女子 拐走,五岁男童家门口玩耍时失踪疑被陌生女子拐走,岁男童家门口玩耍时失踪已被陌生女子拐走,20,19,2,0.1,6.9391875,0.093735218,202.698627,0.013508097,<|zh|><|NEUTRAL|><|Speech|><|withitn|>5岁男童家门口玩耍时，失踪已被陌生女子拐走。
BAC009S0002W0473.wav,警方 悬赏 五万 奖励 提供 线索 者,警方悬赏五万奖励提供线索者,警方悬赏万奖励提供线索者,13,12,1,0.076923077,4.386,0.079560757,150.8281281,0.018139707,<|zh|><|NEUTRAL|><|Speech|><|withitn|>警方悬赏5万奖励，提供线索者。
BAC009S0002W0474.wav,五 岁 男童 每天 只 喝 可乐 不 喝水 十四 颗牙 齿 齐 根 烂掉,五岁男童每天只喝可乐不喝水十四颗牙齿齐根烂掉,岁男童每天只喝可乐不喝水颗牙齿齐根烂掉,22,19,3,0.136363636,7.291,0.090977192,208.843553,0.012478013,<|zh|><|NEUTRAL|><|Speech|><|withitn|>5岁男童每天只喝可乐不喝水，14颗牙齿齐根烂掉。
BAC009S0002W0475.wav,二十八 颗牙 齿 八 颗 烂 得 只 剩 牙根,二十八颗牙齿八颗烂得只剩牙根,颗牙齿颗烂的只剩牙根,14,10,5,0.357142857,5.2949375,0.083171368,120.2336848,0.015707715,<|zh|><|NEUTRAL|><|Speech|><|withitn|>28颗牙齿，8颗烂的只剩牙根。
BAC009S0002W0476.wav,五 岁 男孩 不仅 吃饭 成 了难 题,五岁男孩不仅吃饭成了难题,岁男孩不仅吃饭成了难题,12,11,1,0.083333333,4.1811875,0.083787203,131.2849651,0.020039092,<|zh|><|NEUTRAL|><|Speech|><|withitn|>5岁男孩不仅吃饭成了难题。
BAC009S0002W0477.wav,现在 就 连 说话 都 不清 楚 了,现在就连说话都不清楚了,现在就连说话都不清楚了,11,11,0,0,4.0490625,0.081161261,135.532641,0.020044457,<|zh|><|NEUTRAL|><|Speech|><|withitn|>现在就连说话都不清楚了。
BAC009S0002W0478.wav,这 是 我 当 牙科 医生 三十 年 来,这是我当牙科医生三十年来,这是我当牙科医生年来,12,10,2,0.166666667,3.6379375,0.074552059,134.1344573,0.020492947,<|zh|><|NEUTRAL|><|Speech|><|withitn|>这是我当牙科医生30年来。
BAC009S0002W0479.wav,碰到 的 最 惨 不 忍 睹 的 牙齿,碰到的最惨不忍睹的牙齿,碰到的最惨不忍睹的牙齿,11,11,0,0,4.2690625,0.083883524,131.1342142,0.019649167,<|zh|><|NEUTRAL|><|Speech|><|withitn|>碰到的最惨不忍睹的牙齿。
BAC009S0002W0480.wav,晚上 喝 了 牛奶 不 刷牙,晚上喝了牛奶不刷牙,晚上喝了牛奶不刷牙,9,9,0,0,3.74,0.077789545,115.6967815,0.020799344,<|zh|><|NEUTRAL|><|Speech|><|withitn|>晚上喝了牛奶不刷牙。
BAC009S0002W0481.wav,这 是 最 伤 牙 的 两 个 坏 习惯,这是最伤牙的两个坏习惯,这是最伤牙的两个坏习惯,11,11,0,0,4.8410625,0.086873531,126.6208456,0.017945137,<|zh|><|NEUTRAL|><|Speech|><|withitn|>这是最伤牙的两个坏习惯。
BAC009S0002W0482.wav,五 岁 男童 活泼 健康 遭 邻居 嫉妒 被拐 走 掐死,五岁男童活泼健康遭邻居嫉妒被拐走掐死,岁男童活泼健康遭邻去嫉妒被拐走掐死,18,17,2,0.111111111,6.8720625,0.088897467,191.2315462,0.012936068,<|zh|><|NEUTRAL|><|Speech|><|withitn|>5岁男童活泼健康，遭邻去嫉妒，被拐走掐死。
BAC009S0002W0483.wav,七 月 二十六 日 早上 九 点,七月二十六日早上九点,月日早上点,10,5,5,0.5,3.213125,0.075547695,66.18335595,0.023512218,<|zh|><|NEUTRAL|><|Speech|><|withitn|>7月26日早上9点。
BAC009S0002W0484.wav,记者 从 河南 新乡 市 公安 局 获悉,记者从河南新乡市公安局获悉,记者从河南新乡市公安局获悉,13,13,0,0,4.3420625,0.078053713,166.5519746,0.017976184,<|zh|><|NEUTRAL|><|Speech|><|withitn|>记者从河南新乡市公安局获悉。
BAC009S0002W0485.wav,备受 社会 关注 的 新乡 小冀 镇 五 岁 男孩 王 明涵 失踪 案 告破,备受社会关注的新乡小冀镇五岁男孩王明涵失踪案告破,备受社会关注的新乡小记镇岁男童王明涵失踪案告破,24,23,3,0.125,8.303,0.093135357,246.9524009,0.011217073,<|zh|><|NEUTRAL|><|Speech|><|withitn|>备受社会关注的新乡小记镇5岁男童王明涵失踪案告破。
BAC009S0002W0486.wav,新乡 小冀 镇 五 岁 男孩 王 明涵 在家 门口 神秘 失踪,新乡小冀镇五岁男孩王明涵在家门口神秘失踪,新疆小记镇岁男孩王明涵在家门口神秘失踪,20,19,3,0.15,6.1750625,0.087458611,217.2456192,0.014163194,<|zh|><|NEUTRAL|><|Speech|><|withitn|>新疆小记镇5岁男孩王明涵在家门口神秘失踪。
BAC009S0002W0487.wav,牵动 了 全国 观众 和 网友 的 心,牵动了全国观众和网友的心,牵动了全国观众和网友的心,12,12,0,0,3.447,0.074361324,161.3742105,0.021572766,<|zh|><|NEUTRAL|><|Speech|><|withitn|>牵动了全国观众和网友的心。
BAC009S0002W0488.wav,经 新乡 市县 两 级 公安 机关 连续 十七 个 昼夜 强力 攻坚,经新乡市县两级公安机关连续十七个昼夜强力攻坚,经新乡市县两级公安机关连续个昼夜强力攻坚,22,20,2,0.090909091,7.76,0.088539362,225.8882327,0.011409712,<|zh|><|NEUTRAL|><|Speech|><|withitn|>经新乡市县两级公安机关连续17个昼夜强力攻坚。
BAC009S0002W0489.wav,于 七 月 二十五 日夜 成功 侦破 该 案,于七月二十五日夜成功侦破该案,于月日夜成功侦破该案,14,10,4,0.285714286,4.504125,0.104759216,95.45699512,0.023258506,<|zh|><|NEUTRAL|><|Speech|><|withitn|>于7月25日夜成功侦破该案。
BAC009S0002W0490.wav,犯罪 嫌疑 人 李 某某 已 归案,犯罪嫌疑人李某某已归案,犯罪嫌疑人李某某已归案,11,11,0,0,4.166,0.076957941,142.9352169,0.018472862,<|zh|><|NEUTRAL|><|Speech|><|withitn|>犯罪嫌疑人李某某已归案。
BAC009S0002W0491.wav,失踪 儿童 王 明涵 不幸 遇害,失踪儿童王明涵不幸遇害,失踪儿童王明涵不幸于害,11,11,1,0.090909091,3.431875,0.073764563,149.1230967,0.021493954,<|zh|><|NEUTRAL|><|Speech|><|withitn|>失踪儿童王明涵不幸于害。
BAC009S0002W0492.wav,孩子 遗体 在 李 某某 家院 花池 内 挖出,孩子遗体在李某某家院花池内挖出,孩子遗体在李某某家院花池内挖出,15,15,0,0,4.9291875,0.08723855,171.9423348,0.017698363,<|zh|><|NEUTRAL|><|Speech|><|withitn|>孩子遗体在李某某家院花池内挖出。
BAC009S0002W0493.wav,嫌疑 人 李 某某 是 涵涵 家邻 居,嫌疑人李某某是涵涵家邻居,嫌疑人李某某是涵憨家邻居,12,12,1,0.083333333,4.192125,0.077680588,154.4787487,0.018530122,<|zh|><|NEUTRAL|><|Speech|><|withitn|>嫌疑人李某某是涵憨家邻居。
BAC009S0002W0494.wav,五 岁 男童 肝癌 晚期 医生 忠告 六 种 零食 有 毒,五岁男童肝癌晚期医生忠告六种零食有毒,岁男童肝癌晚期医生忠告种零食有毒,18,16,2,0.111111111,6.864,0.085659504,186.7860455,0.012479531,<|zh|><|NEUTRAL|><|Speech|><|withitn|>5岁男童肝癌晚期，医生忠告，6种零食有毒。
BAC009S0002W0495.wav,一般 人 都 以为 是 中 老年 人才 会 得 的 癌症,一般人都以为是中老年人才会得的癌症,一般人都以为是中老年人才会得的癌症,17,17,0,0,6.396,0.093999863,180.851328,0.014696664,<|zh|><|NEUTRAL|><|Speech|><|withitn|>一般人都以为是中老年人才会得的癌症。
BAC009S0003W0121.wav,这些 高 净值 人士 都 是 上述 房企 海外 项目 的 潜在 客群,这些高净值人士都是上述房企海外项目的潜在客群,这些高净值人士都是上述房企海外项目的潜在客群,22,22,0,0,7.602,0.093087673,236.3363402,0.012245156,<|zh|><|NEUTRAL|><|Speech|><|withitn|>这些高净值人士都是上述房企海外项目的潜在客群。
BAC009S0003W0122.wav,多家 在 海外 开发 项目 的 房企 负责 人 也 表示,多家在海外开发项目的房企负责人也表示,多家在海外开发项目的房企负责人也表示,18,18,0,0,6.1570625,0.086170435,208.8883503,0.013995381,<|zh|><|NEUTRAL|><|Speech|><|withitn|>多家在海外开发项目的房企负责人也表示。
BAC009S0003W0123.wav,他们 项目 锁定 的 主要 客户 群 就 是有 海外 置业 需求 的华 人,他们项目锁定的主要客户群就是有海外置业需求的华人,他们项目锁定的主要客户群就是有海外置业需求的华人,24,24,0,0,7.647,0.089575052,267.9317443,0.011713751,<|zh|><|NEUTRAL|><|Speech|><|withitn|>他们项目锁定的主要客户群就是有海外置业需求的华人。
BAC009S0003W0124.wav,同策 咨询 研究 部 总监 张 宏伟 认为,同策咨询研究部总监张宏伟认为,同测咨询研究部总监张宏伟认为,14,14,1,0.071428571,5.027,0.082973957,168.7276405,0.016505661,<|zh|><|NEUTRAL|><|Speech|><|withitn|>同测咨询研究部总监张宏伟认为。
BAC009S0003W0125.wav,国外 大多 数 发达 经济 在 复苏,国外大多数发达经济在复苏,国外大多数发达经济在复苏,12,12,0,0,5.273,0.09448576,127.0032652,0.017918786,<|zh|><|NEUTRAL|><|Speech|><|withitn|>国外。 <|zh|><|NEUTRAL|><|Speech|><|withitn|>大多数发达经济在复苏。
BAC009S0003W0126.wav,房地 产 仍然 处于 价值 低估 阶段,房地产仍然处于价值低估阶段,房地产仍然处于价值低估阶段,13,13,0,0,4.724,0.078757048,165.0645928,0.016671687,<|zh|><|NEUTRAL|><|Speech|><|withitn|>房地产仍然处于价值低估阶段。
BAC009S0003W0127.wav,国内 房企 买 地 开发 项目 刚好 处于 抄底 的 阶段,国内房企买地开发项目刚好处于抄底的阶段,国内房企买地开发项目刚好处于抄底的阶段,19,19,0,0,6.281,0.085945129,221.0712827,0.013683351,<|zh|><|NEUTRAL|><|Speech|><|withitn|>国内房企买地开发项目刚好处于抄底的阶段。
BAC009S0003W0128.wav,市场 周期 的 特征 决定 品牌 房企 继续 积极 布局 海外 市场,市场周期的特征决定品牌房企继续积极布局海外市场,市场周期的特征决定品牌房企继续积极布局海外市场,23,23,0,0,7.893,0.089643002,256.5732918,0.011357279,<|zh|><|NEUTRAL|><|Speech|><|withitn|>市场周期的特征决定品牌房企继续积极布局海外市场。
BAC009S0003W0129.wav,部分 大型 房企 的 全国 化 布局 基本 完成,部分大型房企的全国化布局基本完成,部分大企房企的全国化布局基本完成,16,16,1,0.0625,5.788,0.083643436,191.2881713,0.014451181,<|zh|><|NEUTRAL|><|Speech|><|withitn|>部分大企房企的全国化布局基本完成。
BAC009S0003W0130.wav,从 战略 布局 角度 需要 国际 化,从战略布局角度需要国际化,从战略布局角度需要国际化,12,12,0,0,4.9369375,0.081035137,148.0839105,0.01641405,<|zh|><|NEUTRAL|><|Speech|><|withitn|>从战略布局角度需要国际化。
BAC009S0003W0131.wav,因此 业务 上 也 会 逐步 实现 海外 与 国内 的 二八 原则,因此业务上也会逐步实现海外与国内的二八原则,因此业务上也会逐步实现海外与国内的原则,21,19,2,0.095238095,6.404,0.084275484,225.451093,0.01315982,<|zh|><|NEUTRAL|><|Speech|><|withitn|>因此，业务上也会逐步实现海外与国内的28原则。
BAC009S0003W0132.wav,房地 产 开启 互联 网元 年,房地产开启互联网元年,房地产开启互联网元年,10,10,0,0,3.963,0.076862335,130.1027346,0.019394987,<|zh|><|NEUTRAL|><|Speech|><|withitn|>房地产开启互联网元年。
BAC009S0003W0133.wav,在 这个 互联 网 的 时代,在这个互联网的时代,在这个互联网的时代,9,9,0,0,3.202,0.073321342,122.7473434,0.022898608,<|zh|><|NEUTRAL|><|Speech|><|withitn|>在这个互联网的时代。
BAC009S0003W0134.wav,任何 一 个 企业 的 创新 之路 都 绕 不 开 它,任何一个企业的创新之路都绕不开它,任何一个企业的创新之路都绕不开它,16,16,0,0,5.15,0.079747677,200.6328038,0.015484986,<|zh|><|NEUTRAL|><|Speech|><|withitn|>任何一个企业的创新之路都绕不开它。
BAC009S0003W0135.wav,截至 二零一四 年 十月 份,截至二零一四年十月份,截止年月份,10,5,6,0.6,3.751,0.075443506,66.27475643,0.020112905,<|zh|><|NEUTRAL|><|Speech|><|withitn|>截止2014年10月份。
BAC009S0003W0136.wav,中国 移动 互联 网 用户 已达 到 八 点 七四 亿,中国移动互联网用户已达到八点七四亿,中国移动互联网用户已达到亿,17,13,4,0.235294118,5.531,0.08859086,146.7419996,0.016017151,<|zh|><|NEUTRAL|><|Speech|><|withitn|>中国移动互联网用户已达到8.74亿。
BAC009S0003W0137.wav,这个 庞大 的 市场 用户 量 吸引 着 每 一 个 传统 行业 向 其 靠近,这个庞大的市场用户量吸引着每一个传统行业向其靠近,这个庞大的市场用户量吸引着每一个传统行业向其靠近,24,24,0,0,7.2319375,0.102539301,234.0565986,0.014178676,<|zh|><|NEUTRAL|><|Speech|><|withitn|>这个庞大的市场用户量吸引着每一个传统行业向其靠近。
BAC009S0003W0138.wav,包括 传统 的 房地 产 企业,包括传统的房地产企业,包括传统的房地产企业,10,10,0,0,3.818125,0.07594943,131.6665568,0.019891814,<|zh|><|NEUTRAL|><|Speech|><|withitn|>包括传统的房地产企业。
BAC009S0003W0139.wav,被 称 为 房地 产 行业 的 互联 网,被称为房地产行业的互联网,被称为房地产行业的互联网,12,12,0,0,4.355,0.084623098,141.8052545,0.019431251,<|zh|><|NEUTRAL|><|Speech|><|withitn|>被称为房地产行业的互联网。
BAC009S0003W0140.wav,几乎 每家 房企 的 老板 都 在 谈 如何 互联,几乎每家房企的老板都在谈如何互联,几乎每家房企的老板都在谈如何互联,16,16,0,0,5.3969375,0.086007595,186.0300824,0.01593637,<|zh|><|NEUTRAL|><|Speech|><|withitn|>几乎每家房企的老板都在谈如何互联。
BAC009S0003W0141.wav,无 论 是 营销 方式 变革,无论是营销方式变革,无论是营销方式变革,9,9,0,0,3.527125,0.080622196,111.6317891,0.022857766,<|zh|><|NEUTRAL|><|Speech|><|withitn|>无论是营销方式变革。
BAC009S0003W0142.wav,甚至 在 房企 未来 战略 布局 中,甚至在房企未来战略布局中,甚至在房企未来战略布局中,12,12,0,0,4.5230625,0.08753562,137.0870514,0.019353175,<|zh|><|NEUTRAL|><|Speech|><|withitn|>甚至在房企未来战略布局中。
BAC009S0003W0143.wav,怎么 完成 传统 房企 与 互联 网 融合 落地 都 是 其 研究 的大 事,怎么完成传统房企与互联网融合落地都是其研究的大事,怎么完成传统房企与互联网融合落地都是其研究的大事,24,24,0,0,8.598,0.096355438,249.0777941,0.011206727,<|zh|><|NEUTRAL|><|Speech|><|withitn|>怎么完成传统房企与互联网融合落地？ <|zh|><|NEUTRAL|><|Speech|><|withitn|>都是其研究的大事。
BAC009S0003W0144.wav,纵观 所有 房企 触网 的 动作,纵观所有房企触网的动作,纵观所有房企触网的动作,11,11,0,0,4.2989375,0.078047037,140.9406482,0.01815496,<|zh|><|NEUTRAL|><|Speech|><|withitn|>纵观所有房企触网的动作。
BAC009S0003W0145.wav,目前 尚未 形成 一 个 成熟 的 运营 模式,目前尚未形成一个成熟的运营模式,目前尚未形成一个成熟的运营模式,15,15,0,0,4.7359375,0.081449986,184.1620954,0.017198281,<|zh|><|NEUTRAL|><|Speech|><|withitn|>目前尚未形成一个成熟的运营模式。
BAC009S0003W0146.wav,从 营销 端口 切入 以 零二零 模式 卖房,从营销端口切入以零二零模式卖房,从营销端口切入以模式卖房,15,12,3,0.2,6.381,0.085216999,140.8169747,0.013354803,<|zh|><|NEUTRAL|><|Speech|><|withitn|>从营销端口切入，以020模式卖房。
BAC009S0003W0147.wav,似乎 是 房企 目前 得到 的 能 最 快 最 直接 产生 效果 的 合作,似乎是房企目前得到的能最快最直接产生效果的合作,似乎是房企目前得到的能最快最直接产生效果的合作,23,23,0,0,8.207,0.096050739,239.4567722,0.011703514,<|zh|><|NEUTRAL|><|Speech|><|withitn|>似乎是房企目前得到的能最快、最直接产生效果的合作。
BAC009S0003W0148.wav,这 对 房企 的 意义 确实 不 小,这对房企的意义确实不小,这对房企的意义确实不小,11,11,0,0,4.142,0.089260101,123.2353519,0.02155,<|zh|><|NEUTRAL|><|Speech|><|withitn|>这对房企的意义确实不小。
BAC009S0003W0149.wav,变革 营销 方式 增加 营销 节点 的 同时,变革营销方式增加营销节点的同时,变革营销方式增加营销节点的同时,15,15,0,0,5.4749375,0.081722975,183.5469162,0.014926741,<|zh|><|NEUTRAL|><|Speech|><|withitn|>变革营销方式，增加营销节点的同时。
BAC009S0003W0150.wav,运营 资源 的 时代 到来,运营资源的时代到来,运营资源的时代到来,9,9,0,0,3.9190625,0.077024221,116.8463612,0.019653736,<|zh|><|NEUTRAL|><|Speech|><|withitn|>运营资源的时代到来。
BAC009S0003W0151.wav,我们 看到 前 有 马云 对 赌王 健林,我们看到前有马云对赌王健林,我们看到前有马云对赌王健林,13,13,0,0,5.173,0.083178282,156.2907976,0.016079312,<|zh|><|NEUTRAL|><|Speech|><|withitn|>我们看到前有马云对赌王健林。
BAC009S0003W0152.wav,后 有 万科 淘宝 合作 卖房,后有万科淘宝合作卖房,后有万科淘宝合作卖房,10,10,0,0,5.0489375,0.08540988,117.0824738,0.016916407,<|zh|><|NEUTRAL|><|Speech|><|withitn|>后有万科淘宝。 <|zh|><|NEUTRAL|><|Speech|><|withitn|>合作卖房。
BAC009S0003W0153.wav,双十 一 和 双十二 来 了,双十一和双十二来了,双十一和双十二来了,9,9,0,0,3.5600625,0.074851513,120.2380506,0.021025337,<|zh|><|NEUTRAL|><|Speech|><|withitn|>双十一和双十二来了。
BAC009S0003W0154.wav,在 这个 电商 狂欢 的 营销 节点 上,在这个电商狂欢的营销节点上,在这个电商狂欢的营销节点上,13,13,0,0,4.6119375,0.085268736,152.4591618,0.018488702,<|zh|><|NEUTRAL|><|Speech|><|withitn|>在这个电商狂欢的营销节点上。
BAC009S0003W0155.wav,传统 房企 的 身影 越来 越多,传统房企的身影越来越多,传统房企的身影越来越多,11,11,0,0,3.9410625,0.078273535,140.5328127,0.019861023,<|zh|><|NEUTRAL|><|Speech|><|withitn|>传统房企的身影越来越多。
BAC009S0003W0156.wav,纷纷 跨界 试水 互联 网 营销 大战,纷纷跨界试水互联网营销大战,纷纷跨界试水互联网营销大战,13,13,0,0,4.4,0.084562063,153.7332405,0.019218651,<|zh|><|NEUTRAL|><|Speech|><|withitn|>纷纷跨界试水互联网营销大战。
BAC009S0003W0157.wav,抢食 双十 一 市场 蛋糕,抢食双十一市场蛋糕,抢食双十一市场蛋糕,9,9,0,0,3.6839375,0.076041222,118.3568571,0.02064129,<|zh|><|NEUTRAL|><|Speech|><|withitn|>抢食双十一市场蛋糕。
BAC009S0003W0158.wav,房子 开始 论 小时 卖 了,房子开始论小时卖了,房子开始论小时卖了,9,9,0,0,3.739,0.074761391,120.3829934,0.019995023,<|zh|><|NEUTRAL|><|Speech|><|withitn|>房子开始论小时卖了。
BAC009S0003W0159.wav,在天 猫 开辟 双十 一 购房 专区,在天猫开辟双十一购房专区,在天猫开辟双十一购房专区,12,12,0,0,4.6800625,0.085410595,140.497792,0.018249883,<|zh|><|NEUTRAL|><|Speech|><|withitn|>在天猫开辟双十一购房专区。
BAC009S0003W0160.wav,联合 线 上线 下 十大 商家 搭建 了 乐透 联盟 平台,联合线上线下十大商家搭建了乐透联盟平台,联合线上线下十大商家搭建了乐透联盟平台,19,19,0,0,6.8519375,0.099545956,190.8666191,0.014528147,<|zh|><|NEUTRAL|><|Speech|><|withitn|>联合线上线下十大商家搭建了乐透联盟平台。
BAC009S0003W0161.wav,一举 推出 一千 套 优惠 房源,一举推出一千套优惠房源,一举推出套优惠房源,11,9,2,0.181818182,4.6130625,0.078192949,115.0998918,0.016950334,<|zh|><|NEUTRAL|><|Speech|><|withitn|>一举推出1000套优惠房源。
BAC009S0003W0162.wav,实现 近 四十三 亿元 销售 额,实现近四十三亿元销售额,实现近亿元销售额,11,8,3,0.272727273,4.9930625,0.078638792,101.7309625,0.015749611,<|zh|><|NEUTRAL|><|Speech|><|withitn|>实现近43亿元销售额。
BAC009S0003W0163.wav,远洋 地产 价值 二十五亿 元 房产 众 筹 引发 大量 关注,远洋地产价值二十五亿元房产众筹引发大量关注,远洋地产价值亿元房产众筹引发大量关注,21,18,3,0.142857143,7.624,0.088473558,203.4506164,0.011604612,<|zh|><|NEUTRAL|><|Speech|><|withitn|>远洋地产价值25亿元，房产众筹引发大量关注。
BAC009S0003W0164.wav,很大 程度 上来 自 市场 的 压力,很大程度上来自市场的压力,很大程度上来自市场的压力,12,12,0,0,4.6910625,0.078889132,152.1122082,0.016816901,<|zh|><|NEUTRAL|><|Speech|><|withitn|>很大程度上来自市场的压力。
BAC009S0003W0165.wav,推动 了 房企 开始 在 营销 模式 上思 变,推动了房企开始在营销模式上思变,推动了房企开始在营销模式上思变,15,15,0,0,5.183,0.079511642,188.651618,0.015340853,<|zh|><|NEUTRAL|><|Speech|><|withitn|>推动了房企开始在营销模式上思变。
BAC009S0003W0166.wav,正如 一 位 触网 营销 的 操盘 手 所 说,正如一位触网营销的操盘手所说,正如一位触网营销的操盘手所说,14,14,0,0,5.1389375,0.085857868,163.0601865,0.016707319,<|zh|><|NEUTRAL|><|Speech|><|withitn|>正如一位触网营销的操盘手所说。
BAC009S0003W0167.wav,房企 跨界 触网 营销 等 实质 上 都 是 在 打 抢 客户 大战,房企跨界触网营销等实质上都是在打抢客户大战,房企跨界触网营销等实质上都是在打抢客户大战,21,21,0,0,9.136,0.10035038,209.2667712,0.010984061,<|zh|><|NEUTRAL|><|Speech|><|withitn|>房企跨界、触网营销等，实质上都是在。 <|zh|><|NEUTRAL|><|Speech|><|withitn|>打抢客户。 <|zh|><|NEUTRAL|><|Speech|><|withitn|>大战。
BAC009S0003W0168.wav,房企 可以 整合 各界 资源,房企可以整合各界资源,房企可以整合各界资源,10,10,0,0,4.0080625,0.076515675,130.6921759,0.019090439,<|zh|><|NEUTRAL|><|Speech|><|withitn|>房企可以整合各界资源。
BAC009S0003W0169.wav,因为 房地 产 行业 本身 长期 性 重 资产 复杂 化 的 属性,因为房地产行业本身长期性重资产复杂化的属性,因为房地产行业本身长期性重资产复杂化的属性,21,21,0,0,7.6690625,0.093604088,224.3491763,0.012205415,<|zh|><|NEUTRAL|><|Speech|><|withitn|>因为房地产行业本身长期性重资产。 <|zh|><|NEUTRAL|><|Speech|><|withitn|>复杂化的属性。
BAC009S0003W0170.wav,互联 网 要 像 改造 其它 行业 一 样 改造 房地 产业,互联网要像改造其它行业一样改造房地产业,互联网要想改造其他行业一样改造房地产业,19,19,2,0.105263158,6.9520625,0.091455698,207.7508609,0.013155189,<|zh|><|NEUTRAL|><|Speech|><|withitn|>互联网要想。 <|zh|><|NEUTRAL|><|Speech|><|withitn|>改造其他行业一样，改造房地产业。
BAC009S0003W0171.wav,但 这 不 影响 房企 触网 日记 的 延续,但这不影响房企触网日记的延续,但这不影响房企出吻日记的延续,14,14,2,0.142857143,4.859,0.08075428,173.3654239,0.016619527,<|zh|><|NEUTRAL|><|Speech|><|withitn|>但这不影响房企出吻日记的延续。
BAC009S0003W0172.wav,万达 集团 与 腾讯 百度 成立 零二零 业务 平台,万达集团与腾讯百度成立零二零业务平台,万达集团与腾讯百度成立业务平台,18,15,3,0.166666667,7.635,0.091346025,164.2107571,0.011964116,<|zh|><|NEUTRAL|><|Speech|><|withitn|>万达集团与腾讯百度成立。 <|zh|><|NEUTRAL|><|Speech|><|withitn|>020业务平台。
BAC009S0003W0173.wav,三 个 土豪 声称 要 打造 全球 最 大 零二零 电商 公司,三个土豪声称要打造全球最大零二零电商公司,三个土豪声称要打造全球最大电商公司,20,17,3,0.15,7.389,0.087069273,195.2468353,0.011783634,<|zh|><|NEUTRAL|><|Speech|><|withitn|>三个土豪声称，要打造全球最大020电商公司。
BAC009S0003W0174.wav,总 投资 达 两百亿 元,总投资达两百亿元,总投资达亿元,8,6,2,0.25,3.1579375,0.074630499,80.39608591,0.023632671,<|zh|><|NEUTRAL|><|Speech|><|withitn|>总投资达200亿元。
BAC009S0003W0175.wav,发现 一 个 女孩 子 的 裙子 很 漂亮,发现一个女孩子的裙子很漂亮,发现一个女孩子的裙子很漂亮,13,13,0,0,4.5909375,0.082494497,157.5862685,0.017968987,<|zh|><|NEUTRAL|><|Speech|><|withitn|>发现一个女孩子的裙子很漂亮。
BAC009S0003W0176.wav,拍 个 照片 就 知道 是 万达 哪 家 店 卖 的,拍个照片就知道是万达哪家店卖的,拍个照片就知道是万达哪家店卖的,15,15,0,0,5.194,0.081318378,184.4601465,0.015656215,<|zh|><|NEUTRAL|><|Speech|><|withitn|>拍个照片就知道是万达哪家店卖的。
BAC009S0003W0177.wav,就 知道 万达 院线 几 点 放映 这 场 电影,就知道万达院线几点放映这场电影,就知道万达院线几点放映这场电影,15,15,0,0,5.15,0.081195831,184.7385483,0.015766181,<|zh|><|NEUTRAL|><|Speech|><|withitn|>就知道万达院线几点放映这场电影。
BAC009S0003W0178.wav,可以 完成 选 座 和 支付,可以完成选座和支付,可以完成选座和支付,9,9,0,0,3.673,0.078038931,115.327054,0.021246646,<|zh|><|NEUTRAL|><|Speech|><|withitn|>可以完成选座和支付。
BAC009S0003W0181.wav,其 多次 去 美国 参观 学习 苹果 等高 科技 企业,其多次去美国参观学习苹果等高科技企业,其多次去美国参观学习苹果等高科技企业,18,18,0,0,6.762,0.09098053,197.8445283,0.013454678,<|zh|><|NEUTRAL|><|Speech|><|withitn|>其多次去美国参观学习苹果等高科技企业。
BAC009S0003W0182.wav,明年 将 宣布 利用 互联 网 二 次 转型 的 具体 动作,明年将宣布利用互联网二次转型的具体动作,明年将宣布利用互联网二次转型的具体动作,19,19,0,0,6.079,0.083619833,227.2188226,0.013755524,<|zh|><|NEUTRAL|><|Speech|><|withitn|>明年将宣布利用互联网二次转型的具体动作。
BAC009S0003W0183.wav,如果 你 还 把 互联 网 思维 当作 房地 产 企业 营销 的 虎头,如果你还把互联网思维当作房地产企业营销的虎头,如果你还把互联网思维当做房地产企业营销的虎头,22,22,1,0.045454545,7.1990625,0.086349964,254.7771759,0.011994612,<|zh|><|NEUTRAL|><|Speech|><|withitn|>如果你还把互联网思维当做房地产企业营销的虎头。
BAC009S0003W0184.wav,而 不 是 经营 思路 的 一 种 尝试 和 转变,而不是经营思路的一种尝试和转变,而不是经营思路的一种尝试和转变,15,15,0,0,5.3740625,0.084731102,177.0306257,0.015766676,<|zh|><|NEUTRAL|><|Speech|><|withitn|>而不是经营思路的一种尝试和转变。
BAC009S0003W0185.wav,那么 你 既 有 的 竞争 优势,那么你既有的竞争优势,那么你既有的竞争优势,10,10,0,0,3.9299375,0.08236146,121.4160122,0.020957448,<|zh|><|NEUTRAL|><|Speech|><|withitn|>那么你既有的竞争优势。
BAC009S0003W0186.wav,可能 在 瞬间 就会 被 改变 甚至 逆转,可能在瞬间就会被改变甚至逆转,可能在瞬间就会被改变甚至逆转,14,14,0,0,5.2170625,0.080296278,174.3542833,0.01539109,<|zh|><|NEUTRAL|><|Speech|><|withitn|>可能在瞬间就会被改变甚至逆转。
BAC009S0003W0187.wav,三公 数字 更加 清晰 易懂,三公数字更加清晰易懂,三公数字更加清晰易懂,10,10,0,0,3.6499375,0.076632261,130.4933436,0.0209955,<|zh|><|NEUTRAL|><|Speech|><|withitn|>三公数字更加清晰易懂。
BAC009S0003W0188.wav,三公 经费 是 财政 预算 中 最 受 社会 关注 的 内容 之 一,三公经费是财政预算中最受社会关注的内容之一,三公经费是财政预算中最受社会关注的内容之一,21,21,0,0,6.951875,0.085622072,245.2638608,0.0123164,<|zh|><|NEUTRAL|><|Speech|><|withitn|>三公经费是财政预算中最受社会关注的内容之一。
BAC009S0003W0189.wav,温 家宝 在 国务院 常务 会议 上 就 已 提出,温家宝在国务院常务会议上就已提出,温家宝在国务院常务会议上就已提出,16,16,0,0,5.911,0.086233616,185.5424922,0.014588668,<|zh|><|NEUTRAL|><|Speech|><|withitn|>温家宝在国务院常务会议上就已提出。
BAC009S0003W0190.wav,省级 政府 要 在 两年 内 全面 公开 三公 经费,省级政府要在两年内全面公开三公经费,省级政府要在两年内全面公开三公经费,17,17,0,0,6.012,0.087920904,193.3556094,0.014624236,<|zh|><|NEUTRAL|><|Speech|><|withitn|>省级政府要在两年内全面公开三公经费。
BAC009S0003W0191.wav,并 推进 公开 部门 预 决算,并推进公开部门预决算,并推进公开部门预决算,10,10,0,0,4.031,0.078939915,126.6786269,0.019583209,<|zh|><|NEUTRAL|><|Speech|><|withitn|>并推进公开部门预决算。
BAC009S0003W0192.wav,今年 北京 四川 河南 等 省市 率先 公布 了 三公 经费,今年北京四川河南等省市率先公布了三公经费,今年北京四川河南等省市率先公布了三公经费,20,20,0,0,8.027,0.090403318,221.2308171,0.011262404,<|zh|><|NEUTRAL|><|Speech|><|withitn|>今年，北京、四川、河南等省市率先公布了三公经费。
BAC009S0003W0193.wav,广东 省 财政 厅 厅长 在 接受 采访 时 表示,广东省财政厅厅长在接受采访时表示,广东省财政厅厅长在接受采访时表示,16,16,0,0,5.5859375,0.081418276,196.516075,0.014575579,<|zh|><|NEUTRAL|><|Speech|><|withitn|>广东省财政厅厅长在接受采访时表示。
BAC009S0003W0194.wav,下 一 步 准备 扩大 对 公务 卡 等 方面 的 监督,下一步准备扩大对公务卡等方面的监督,下一步准备扩大对公务卡等方面的监督,17,17,0,0,5.688,0.083250523,204.2029223,0.014636168,<|zh|><|NEUTRAL|><|Speech|><|withitn|>下一步，准备扩大对公务卡等方面的监督。
BAC009S0003W0195.wav,并 将 公布 科目 从 目前 的 类 级 细化 到 项 级,并将公布科目从目前的类级细化到项级,并将公布科目从目前的类级细化到上级,17,17,1,0.058823529,6.2580625,0.083229303,204.2549837,0.013299532,<|zh|><|NEUTRAL|><|Speech|><|withitn|>并将公布科目从目前的类级细化到上级。
BAC009S0003W0196.wav,比如 办公 费 细化 到 水电 费 印刷 费 等,比如办公费细化到水电费印刷费等,比如办公费细化到水电费印刷费等,15,15,0,0,6.0690625,0.101077318,148.4012464,0.016654519,<|zh|><|NEUTRAL|><|Speech|><|withitn|>比如办公费、细化到、水电费、印刷费等。
BAC009S0003W0197.wav,在 推进 食品 安全 信息 公开 方面,在推进食品安全信息公开方面,在推进食品安全信息公开方面,13,13,0,0,4.6679375,0.086843491,149.6945817,0.018604253,<|zh|><|NEUTRAL|><|Speech|><|withitn|>在推进食品安全信息公开方面。
BAC009S0003W0198.wav,卫生 行政 主管 部门 要 进一步 强化 食品 安全 标准 公开,卫生行政主管部门要进一步强化食品安全标准公开,卫生行政主管部门要进一步强化食品安全标准公开,22,22,0,0,7.6020625,0.087621212,251.0807543,0.011525979,<|zh|><|NEUTRAL|><|Speech|><|withitn|>卫生行政主管部门要进一步强化食品安全标准公开。
BAC009S0003W0199.wav,拓宽 公众 参与 食品 安全 标准 起草 的 渠道,拓宽公众参与食品安全标准起草的渠道,拓宽公众参与食品安全标准起草的渠道,17,17,0,0,7.142,0.092293262,184.1954607,0.012922607,<|zh|><|NEUTRAL|><|Speech|><|withitn|>拓宽公众参与食品安全标准起草的。 <|zh|><|NEUTRAL|><|Speech|><|withitn|>渠道。
BAC009S0003W0200.wav,进一步 做好 征求 公众 意见 工作,进一步做好征求公众意见工作,进一步做好征求公众意见工作,13,13,0,0,4.4339375,0.078408241,165.798898,0.01768366,<|zh|><|NEUTRAL|><|Speech|><|withitn|>进一步做好征求公众意见工作。
BAC009S0003W0201.wav,在 征地 拆迁 信息 公开 方面,在征地拆迁信息公开方面,在征地拆迁信息公开方面,11,11,0,0,4.2430625,0.077550411,141.8432195,0.01827699,<|zh|><|NEUTRAL|><|Speech|><|withitn|>在征地拆迁信息公开方面。
BAC009S0003W0202.wav,进一步 扩大 社会 公众 对 征地 拆迁 工作 的 参与,进一步扩大社会公众对征地拆迁工作的参与,进一步扩大社会公众对征地拆迁工作的参与,19,19,0,0,6.5950625,0.084400654,225.1167395,0.012797552,<|zh|><|NEUTRAL|><|Speech|><|withitn|>进一步扩大社会公众对征地拆迁工作的参与。
BAC009S0003W0203.wav,三公 经费 公开 需要 制度 化,三公经费公开需要制度化,三公经费公开需要制度化,11,11,0,0,4.052,0.078682423,139.8025077,0.019418169,<|zh|><|NEUTRAL|><|Speech|><|withitn|>三公经费公开需要制度化。
BAC009S0003W0204.wav,中央 财经 大学 财政 学院 教授 曾 康华,中央财经大学财政学院教授曾康华,中央财经大学财政学院教授曾康华,15,15,0,0,6.572,0.08856988,169.3578006,0.013476853,<|zh|><|NEUTRAL|><|Speech|><|withitn|>中央财经大学财政学院。 <|zh|><|NEUTRAL|><|Speech|><|withitn|>教授曾康华。
BAC009S0003W0205.wav,中央 部门 今年 三公 经费 公开 已 近 尾声,中央部门今年三公经费公开已近尾声,中央部门今年三公斤未公开已进尾声,16,16,3,0.1875,5.5079375,0.081113338,197.2548572,0.014726627,<|zh|><|NEUTRAL|><|Speech|><|withitn|>中央部门今年三公斤未公开已进尾声。
BAC009S0003W0206.wav,在 公开 这 一 做法 获得 一致 肯定 的 同时,在公开这一做法获得一致肯定的同时,在公开这一做法获得一致肯定的同时,16,16,0,0,5.52,0.080667734,198.3444827,0.01461372,<|zh|><|NEUTRAL|><|Speech|><|withitn|>在公开这一做法获得一致肯定的同时。
BAC009S0003W0207.wav,公布 内容 不 够 细致 公布 标准 不 一 等,公布内容不够细致公布标准不一等,公布内容不够细致公布标准不一等,15,15,0,0,5.15,0.080616236,186.0667378,0.015653638,<|zh|><|NEUTRAL|><|Speech|><|withitn|>公布内容不够细致，公布标准不一等。
BAC009S0003W0208.wav,导致 公众 对数 字 雾里 看花,导致公众对数字雾里看花,导致公众对数字物理看花,11,11,2,0.181818182,4.1539375,0.095276117,115.4539071,0.022936339,<|zh|><|NEUTRAL|><|Speech|><|withitn|>导致公众对数字物理看花。
BAC009S0003W0209.wav,不 知道 这些 数字 花费 是否 合理,不知道这些数字花费是否合理,不知道这些数字花费是否合理,13,13,0,0,4.3879375,0.079244375,164.0494983,0.018059595,<|zh|><|NEUTRAL|><|Speech|><|withitn|>不知道这些数字花费是否合理。
BAC009S0003W0210.wav,公开 该 如何 改进 呢,公开该如何改进呢,公开该如何改进呢,8,8,0,0,3.348,0.073711634,108.5310364,0.022016617,<|zh|><|NEUTRAL|><|Speech|><|withitn|>公开该如何改进呢？
BAC009S0003W0211.wav,记者 就此 采访 了 中央 财经 大学 财政 学院 教授 曾 康华,记者就此采访了中央财经大学财政学院教授曾康华,记者就此采访了中央财经大学财政学院教授曾康华,22,22,0,0,7.333,0.087397337,251.7239171,0.01191836,<|zh|><|NEUTRAL|><|Speech|><|withitn|>记者就此采访了中央财经大学财政学院教授曾康华。
BAC009S0003W0212.wav,公开 就 是 很大 的 进步,公开就是很大的进步,公开就是很大的进步,9,9,0,0,3.6839375,0.076560259,117.5544615,0.020782182,<|zh|><|NEUTRAL|><|Speech|><|withitn|>公开就是很大的进步。
BAC009S0003W0213.wav,但 依然 有 多 个 部门 未 公布,但依然有多个部门未公布,但依然有多个部门未公布,11,11,0,0,4.344,0.08677125,126.7700999,0.019974965,<|zh|><|NEUTRAL|><|Speech|><|withitn|>但依然有多个部门未公布。
BAC009S0003W0214.wav,曾 康华 今年 是 三公 经费 公开 第 一年,曾康华今年是三公经费公开第一年,曾康华今年市三公经费公开第一年,15,15,1,0.066666667,5.3620625,0.093751192,159.9979655,0.017484166,<|zh|><|NEUTRAL|><|Speech|><|withitn|>曾康华今年市三公经费公开第一年。
BAC009S0003W0215.wav,已经 有 近 事 个 部门 公布 了,已经有近事个部门公布了,已经有近个部门公布了,11,10,1,0.090909091,4.579,0.078600883,127.2250331,0.017165513,<|zh|><|NEUTRAL|><|Speech|><|withitn|>已经有近10个部门公布了。
BAC009S0003W0216.wav,这 应该 说 是一 个 很大 的 进步,这应该说是一个很大的进步,这应该说是一个很大的进步,12,12,0,0,4.5240625,0.08003211,149.9398175,0.017690319,<|zh|><|NEUTRAL|><|Speech|><|withitn|>这应该说是一个很大的进步。
BAC009S0003W0217.wav,距今 尚未 公布 的 部门,距今尚未公布的部门,距今尚未公布的部门,9,9,0,0,3.7169375,0.081790447,110.0373003,0.022004795,<|zh|><|NEUTRAL|><|Speech|><|withitn|>距今尚未公布的部门。
BAC009S0003W0218.wav,也 可能 存在 部门 过于 谨慎 的 情况,也可能存在部门过于谨慎的情况,也可能存在部门过于谨慎的情况,14,14,0,0,4.859,0.082701445,169.2836209,0.01702026,<|zh|><|NEUTRAL|><|Speech|><|withitn|>也可能存在部门过于谨慎的情况。
BAC009S0003W0219.wav,因为 此前 公布 的 一些 数据,因为此前公布的一些数据,因为此前公布的一些数据,11,11,0,0,4.0300625,0.078065395,140.9075039,0.019370765,<|zh|><|NEUTRAL|><|Speech|><|withitn|>因为此前公布的一些数据。
BAC009S0003W0220.wav,引起 公众 关注 的 同时,引起公众关注的同时,引起公众关注的同时,9,9,0,0,3.9969375,0.091571569,98.28378016,0.022910433,<|zh|><|NEUTRAL|><|Speech|><|withitn|>引起公众关注的同时。
BAC009S0003W0221.wav,对此 项 工作 的 重视 方面,对此项工作的重视方面,对此项工作的重视方面,10,10,0,0,4.0190625,0.078916311,126.7165158,0.019635502,<|zh|><|NEUTRAL|><|Speech|><|withitn|>对此项工作的重视方面。
BAC009S0003W0222.wav,可能 也需 要 一 个 认识 过程,可能也需要一个认识过程,可能也需要一个认识过程,11,11,0,0,4.053125,0.077282667,142.3346321,0.019067428,<|zh|><|NEUTRAL|><|Speech|><|withitn|>可能也需要一个认识过程。
BAC009S0003W0223.wav,需 结合 单位 性质 来 衡量,需结合单位性质来衡量,需结合单位性质来衡量,10,10,0,0,3.7839375,0.075754881,132.0046957,0.020020119,<|zh|><|NEUTRAL|><|Speech|><|withitn|>需结合单位性质来衡量。
BAC009S0003W0224.wav,新京 报 从 现有 公开 数据 看,新京报从现有公开数据看,新京报从现有公开数据看,11,11,0,0,4.198,0.079464197,138.4271206,0.018929061,<|zh|><|NEUTRAL|><|Speech|><|withitn|>新京报从现有公开数据看。
BAC009S0003W0225.wav,曾 康华 看 部门 公开 的 绝对 数字,曾康华看部门公开的绝对数字,曾康华看部门公开的绝对数字,13,13,0,0,4.6910625,0.078169346,166.3056005,0.016663463,<|zh|><|NEUTRAL|><|Speech|><|withitn|>曾康华看部门公开的绝对数字。
BAC009S0003W0226.wav,因为 每个 部门 职能 人员 都 不 一 样,因为每个部门职能人员都不一样,因为每个部门职能人员都不一样,14,14,0,0,4.5450625,0.077556849,180.5127499,0.017063978,<|zh|><|NEUTRAL|><|Speech|><|withitn|>因为每个部门职能人员都不一样。
BAC009S0003W0227.wav,我们 不 能 拿 一 个 几十 人 的 单位 和一 个 几千 人 的 单位,我们不能拿一个几十人的单位和一个几千人的单位,我们不能拿一个几十人的单位和一个几千人的单位,22,22,0,0,7.881,0.09711647,226.5321209,0.012322861,<|zh|><|NEUTRAL|><|Speech|><|withitn|>我们不能拿一个。 <|zh|><|NEUTRAL|><|Speech|><|withitn|>几十人的单位和一个几千人的单位。
BAC009S0003W0228.wav,做 纯粹 数字 上 的 对比,做纯粹数字上的对比,做纯粹数字上的对比,9,9,0,0,3.4930625,0.075515747,119.1804405,0.021618779,<|zh|><|NEUTRAL|><|Speech|><|withitn|>做纯粹数字上的对比。
BAC009S0003W0229.wav,之 前 国税 系统 公布 的 三公 经费,之前国税系统公布的三公经费,之前国税系统公布的三公经费,13,13,0,0,4.848,0.078886271,164.794202,0.01627192,<|zh|><|NEUTRAL|><|Speech|><|withitn|>之前国税系统公布的三公经费。
BAC009S0003W0230.wav,他们 实行 的 是 垂直 系统 的 管理,他们实行的是垂直系统的管理,他们实行的是垂直系统的管理,13,13,0,0,4.803,0.07831645,165.9932234,0.016305736,<|zh|><|NEUTRAL|><|Speech|><|withitn|>他们实行的是垂直系统的管理。
BAC009S0003W0231.wav,从 上 到 下 这么 大 个 系统,从上到下这么大个系统,从上到下这么大个系统,10,10,0,0,3.84,0.075668097,132.1560929,0.019705233,<|zh|><|NEUTRAL|><|Speech|><|withitn|>从上到下这么大个系统。
BAC009S0003W0232.wav,一些 小 部门 几千万 元 的 三公 经费,一些小部门几千万元的三公经费,一些小部门几千万元的三公经费,14,14,0,0,4.7020625,0.090146303,155.3030963,0.019171651,<|zh|><|NEUTRAL|><|Speech|><|withitn|>一些小部门几千万元的三公经费。
BAC009S0003W0233.wav,平均 下来 可能 更多 一些,平均下来可能更多一些,平均下来可能更多一些,10,10,0,0,3.796,0.078082085,128.0703511,0.020569569,<|zh|><|NEUTRAL|><|Speech|><|withitn|>平均下来可能更多一些。
BAC009S0003W0234.wav,比如 住 建 部 二十万 元 的 接待 费,比如住建部二十万元的接待费,比如住建部万元的接待费,13,11,2,0.153846154,4.568125,0.077532053,141.8768055,0.016972402,<|zh|><|NEUTRAL|><|Speech|><|withitn|>比如，住建部20万元的接待费。
BAC009S0003W0235.wav,很多 网友 认为 不 可能,很多网友认为不可能,很多网友认为不可能,9,9,0,0,3.392,0.073607683,122.2698448,0.021700378,<|zh|><|NEUTRAL|><|Speech|><|withitn|>很多网友认为不可能。
BAC009S0003W0236.wav,可能 有 多方 面的 原因,可能有多方面的原因,可能有多方面的原因,9,9,0,0,3.538,0.074120045,121.4246434,0.020949702,<|zh|><|NEUTRAL|><|Speech|><|withitn|>可能有多方面的原因。
BAC009S0003W0237.wav,这次 公布 的 是 财政 支出 中 的 三公 经费,这次公布的是财政支出中的三公经费,这次公布的是财政支出中的三公经费,16,16,0,0,5.631,0.082141399,194.7860655,0.014587356,<|zh|><|NEUTRAL|><|Speech|><|withitn|>这次公布的是财政支出中的三公经费。
BAC009S0003W0238.wav,但 很多 部门 非 财政 拨款 其实 是 很大 一 笔 收入,但很多部门非财政拨款其实是很大一笔收入,但很多部门非财政拨款其实是很大一笔收入,19,19,0,0,6.494,0.084476948,224.913429,0.013008461,<|zh|><|NEUTRAL|><|Speech|><|withitn|>但很多部门非财政拨款其实是很大一笔收入。
BAC009S0003W0239.wav,这里 面 可能 涵盖 了 很多 三公 经费,这里面可能涵盖了很多三公经费,这里面可能涵盖了很多三公经费,14,14,0,0,5.0820625,0.087030649,160.8628699,0.017125065,<|zh|><|NEUTRAL|><|Speech|><|withitn|>这里面可能涵盖了很多三公经费。
BAC009S0003W0240.wav,权力 部门 在 转嫁 三公 经费 方面 会 比较 多,权力部门在转嫁三公经费方面会比较多,权力部门在转嫁三公经费方面会比较多,17,17,0,0,5.844,0.082217932,206.7675462,0.014068777,<|zh|><|NEUTRAL|><|Speech|><|withitn|>权力部门在转嫁三公经费方面会比较多。
BAC009S0003W0241.wav,特别 是 向 所 管辖 的 企业 和 下级 单位 转嫁,特别是向所管辖的企业和下级单位转嫁,特别是向所管辖的企业和下级单位转嫁,17,17,0,0,6.0790625,0.090775013,187.2762057,0.014932403,<|zh|><|NEUTRAL|><|Speech|><|withitn|>特别是向所管辖的企业和下级单位转嫁。
BAC009S0003W0242.wav,这样 的 情况 大量 存在,这样的情况大量存在,这样的情况大量存在,9,9,0,0,3.2798125,0.073107719,123.1060149,0.022290213,<|zh|><|NEUTRAL|><|Speech|><|withitn|>这样的情况大量存在。
BAC009S0003W0243.wav,真正 意义 的 三公 经费,真正意义的三公经费,真正意义的三公经费,9,9,0,0,3.202125,0.0724473,124.2282322,0.022624757,<|zh|><|NEUTRAL|><|Speech|><|withitn|>真正意义的三公经费。
BAC009S0003W0244.wav,可能 公布 的 数字 就 大大 低估 了 真实 的 情况,可能公布的数字就大大低估了真实的情况,可能公布的数字就大大低估了真实的情况,18,18,0,0,6.0229375,0.086546421,207.9808706,0.01436947,<|zh|><|NEUTRAL|><|Speech|><|withitn|>可能公布的数字就大大低估了真实的情况。
BAC009S0003W0245.wav,新京 报 这些 数字 并 不 能真 实 反映 三公 消费,新京报这些数字并不能真实反映三公消费,新京报这些数字并不能真实反映三公消费,18,18,0,0,6.2360625,0.088206768,204.0659736,0.014144625,<|zh|><|NEUTRAL|><|Speech|><|withitn|>新京报这些数字并不能真实反映三公消费。
BAC009S0003W0246.wav,这 只是 公布 的 很 笼统 的 一 个 数据,这只是公布的很笼统的一个数据,这只是公布的很笼统的一个数据,14,14,0,0,4.9711875,0.081386566,172.018561,0.016371655,<|zh|><|NEUTRAL|><|Speech|><|withitn|>这只是公布的很笼统的一个数据。
BAC009S0003W0247.wav,不 可 避免 在 统计 过程 中,不可避免在统计过程中,不可避免在统计过程中,10,10,0,0,3.9079375,0.075825453,131.8818369,0.019402934,<|zh|><|NEUTRAL|><|Speech|><|withitn|>不可避免在统计过程中。
BAC009S0003W0248.wav,也 必然 存在 一些 误差,也必然存在一些误差,也必然存在一些误差,9,9,0,0,3.682875,0.075397015,119.3681215,0.020472325,<|zh|><|NEUTRAL|><|Speech|><|withitn|>也必然存在一些误差。
BAC009S0003W0250.wav,有 时候 比 全国 的 数字 要 大 出 一两万 亿,有时候比全国的数字要大出一两万亿,有时候比全国的数字要大出一两万亿,16,16,0,0,6.561,0.092259645,173.4236016,0.014061827,<|zh|><|NEUTRAL|><|Speech|><|withitn|>有时候比全国的数字要大出。 <|zh|><|NEUTRAL|><|Speech|><|withitn|>一两万亿。
BAC009S0003W0251.wav,新京 报 三公 公开 也有 受到 表扬 的 单位,新京报三公公开也有受到表扬的单位,新京报三公公开也有受到表扬的单位,16,16,0,0,5.396,0.08016181,199.5962917,0.014855784,<|zh|><|NEUTRAL|><|Speech|><|withitn|>新京报三公公开也有受到表扬的单位。
BAC009S0003W0252.wav,这 其实 跟 自身 职责 有 关,这其实跟自身职责有关,这其实跟自身职责有关,10,10,0,0,4.1320625,0.076042414,131.5055574,0.018403016,<|zh|><|NEUTRAL|><|Speech|><|withitn|>这其实跟自身职责有关。
BAC009S0003W0254.wav,欧司朗 光电 半导 体,欧司朗光电半导体,欧司朗光电半导体,8,8,0,0,3.6379375,0.084129333,95.09168405,0.023125558,<|zh|><|NEUTRAL|><|Speech|><|withitn|>欧司朗光电半导体。
BAC009S0003W0255.wav,苹果 公司 的 中国 代工,苹果公司的中国代工,苹果公司的中国代工,9,9,0,0,3.504125,0.074393034,120.9790691,0.021230131,<|zh|><|NEUTRAL|><|Speech|><|withitn|>苹果公司的中国代工。
BAC009S0003W0256.wav,毫米,毫米,毫米,2,2,0,0,1.489,0.067839146,29.48150335,0.045560205,<|zh|><|NEUTRAL|><|Speech|><|withitn|>毫米。
BAC009S0003W0257.wav,台湾 爱美 科,台湾爱美科,台湾爱美柯,5,5,1,0.2,2.6640625,0.072726727,68.75051633,0.027299182,<|zh|><|NEUTRAL|><|Speech|><|withitn|>台湾爱美柯。
BAC009S0003W0258.wav,售价 两千 元 约合 三百二十三 美元,售价两千元约合三百二十三美元,售价元约合美元,14,7,7,0.5,5.027125,0.083297014,84.03662561,0.016569513,<|zh|><|NEUTRAL|><|Speech|><|withitn|>售价2000元，约合323美元。
BAC009S0003W0259.wav,所有 会议 均 在 嘉里 大酒 店 举行,所有会议均在嘉里大酒店举行,所有会议均在嘉里大酒店举行,13,13,0,0,5.239,0.088091612,147.5736421,0.016814585,<|zh|><|NEUTRAL|><|Speech|><|withitn|>所有会议均在嘉里大酒店举行。
BAC009S0003W0260.wav,所有 会议 将 以英 文 或 普通 话 进行,所有会议将以英文或普通话进行,所有会议将以英文或普通话进行,14,14,0,0,5.24,0.080286026,174.3765472,0.015321761,<|zh|><|NEUTRAL|><|Speech|><|withitn|>所有会议将以英文或普通话进行。
,,,,,,,,,,,,
总字符数,6884,,,,,,,,,,,
总错误字数,376,,,,,,,,,,,
整体字错率,0.0546,,,,,,,,,,,
总识别字数,6641,,,,,,,,,,,
总处理时间(秒),41.92,,,,,,,,,,,
总音频时长(秒),2453.3,,,,,,,,,,,
平均识别速度(字/秒),158.43,,,,,,,,,,,
平均实时率(RTF),0.0171,,,,,,,,,,,
处理速度(倍速),58.53,,,,,,,,,,,
测试样本数,500,,,,,,,,,,,
